<?xml version="1.0"?>
<?xml-stylesheet type="text/xsl" href="configuration.xsl"?>

<!-- Put site-specific property overrides in this file. -->

<configuration>
 <property>
  <name>dfs.name.dir</name>
  <value>/data/1/dfs/nn,/nfsmount/dfs/nn</value>
 </property>
 <property>
  <name>dfs.data.dir</name>
  <value>/data/1/dfs/dn,/data/2/dfs/dn,/data/3/dfs/dn</value>
 </property>
 <property>
  <name>dfs.datanode.max.xcievers</name>
   <value>4096</value>
 </property>
 <property>
  <name>dfs.hosts</name>
  <value>/etc/hadoop/conf/dfs-hosts</value>
 </property>
 <property>
  <name>dfs.hosts.exclude</name>
  <value>/etc/hadoop/conf/dfs-exhosts</value>
 </property>
</configuration>
