<?xml version="1.0"?>
<?xml-stylesheet type="text/xsl" href="configuration.xsl"?>

<!-- Put site-specific property overrides in this file. -->

<configuration>
 <property>
  <name>mapred.job.tracker</name>
  <value>hadoop-master1:9001</value>
 </property>
 <property>
  <name>mapred.map.tasks</name>
  <value>25</value>
 </property>
 <property>
  <name>mapred.reduce.tasks</name>
  <value>20</value>
 </property>
 <property>
  <name>mapred.tasktracker.map.tasks.maximum</name>
  <value>4</value>
  <final>true</final>
 </property>
 <property>
  <name>mapred.tasktracker.reduce.tasks.maximum</name>
  <value>3</value>
  <final>true</final>
 </property>
 <property>
  <name>mapred.map.child.java.opts</name>
  <value>-Xmx1024m</value>
 </property>
 <property>
  <name>mapred.reduce.child.java.opts</name>
  <value>-Xmx1024m</value>
 </property>
 <property>
  <name>mapred.hosts</name>
  <value>/etc/hadoop/conf/mapred-hosts</value>
 </property>
 <property>
  <name>mapred.hosts.exclude</name>
  <value>/etc/hadoop/conf/mapred-exhosts</value>
 </property>
</configuration>

