<?xml version="1.0"?>
<?xml-stylesheet type="text/xsl" href="configuration.xsl"?>

<!-- Put site-specific property overrides in this file. -->

<configuration>
 <property>
  <name>mapreduce.framework.name</name>
  <value>yarn</value>
 </property>
 <property>
  <name>mapreduce.jobhistory.address</name>
  <value>hadoop-master1:10020</value>
 </property>
 <property>
  <name>mapreduce.jobhistory.webapp.address</name>
  <value>hadoop-master1:19888</value>
 </property>
 <property>
  <name>mapreduce.job.maps</name>
  <value>35</value>
 </property>
 <property>
  <name>mapreduce.job.reduces</name>
  <value>30</value>
 </property>
 <property>
  <name>mapreduce.map.memory.mb</name>
  <value>2048</value>
 </property>
 <property>
  <name>mapreduce.reduce.memory.mb</name>
  <value>2048</value>
 </property>
 <property>
  <name>mapreduce.map.java.opts</name>
  <value>-Xmx1536m</value>
 </property>
 <property>
  <name>mapreduce.reduce.java.opts</name>
  <value>-Xmx1536m</value>
 </property>
</configuration>


