<?xml version="1.0"?>
<?xml-stylesheet type="text/xsl" href="configuration.xsl"?>

<!-- Put site-specific property overrides in this file. -->

<configuration>
  <property>
    <name>yarn.nodemanager.aux-services</name>
    <value>mapreduce.shuffle</value>
  </property>
  <property>
    <name>yarn.nodemanager.aux-services.mapreduce.shuffle.class</name>
    <value>org.apache.hadoop.mapred.ShuffleHandler</value>
  </property>
  <property>
    <name>yarn.log-aggregation-enable</name>
    <value>true</value>
  </property>
  <property>
    <name>yarn.nodemanager.local-dirs</name>
    <value>/var/lib/hadoop-yarn/cache/${user.name}/nm-local-dir</value>
  </property>
  <property>
    <name>yarn.nodemanager.log-dirs</name>
    <value>/var/log/hadoop-yarn/containers</value>
  </property>
  <property>
    <name>yarn.app.mapreduce.am.staging-dir</name>
    <value>/user</value>
  </property>
  <property>
    <name>yarn.resourcemanager.resource-tracker.address</name>
    <value>hadoop-master1:8025</value>
  </property>
  <property>
    <name>yarn.resourcemanager.address</name>
    <value>hadoop-master1:8040</value>
  </property>
  <property>
    <name>yarn.resourcemanager.scheduler.address</name>
    <value>hadoop-master1:8030</value>
  </property>
  <property>
    <name>yarn.resourcemanager.admin.address</name>
    <value>hadoop-master1:8141</value>
  </property>
  <property>
    <name>yarn.resourcemanager.webapp.address</name>
    <value>hadoop-master1:8088</value>
  </property>
  <property>
    <name>yarn.nodemanager.local-dirs</name>
    <value>/data/1/yarn/local</value>
  </property>
  <property>
    <name>yarn.nodemanager.log-dirs</name>
    <value>/data/1/yarn/logs</value>
  </property>
  <property>
    <name>yarn.nodemanager.resource.memory-mb</name>
    <value>14336</value>
  </property>
  <property>
    <description>Classpath for typical applications.</description>
     <name>yarn.application.classpath</name>
     <value>
        $HADOOP_CONF_DIR,
        $HADOOP_COMMON_HOME/*,$HADOOP_COMMON_HOME/lib/*,
        $HADOOP_HDFS_HOME/*,$HADOOP_HDFS_HOME/lib/*,
        $HADOOP_MAPRED_HOME/*,$HADOOP_MAPRED_HOME/lib/*,
        $YARN_HOME/*,$YARN_HOME/lib/*
     </value>
  </property>
 <property>
  <name>yarn.resourcemanager.nodes.include-path</name>
  <value>/etc/hadoop/conf/dfs-hosts</value>
 </property>
 <property>
  <name>yarn.resourcemanager.nodes.exclude-path</name>
  <value>/etc/hadoop/conf/dfs-exhosts</value>
 </property>
</configuration>


