1	shop00030	2012-01-01
2	shop00066	2012-01-01
3	shop00035	2012-01-01
4	shop00023	2012-01-01
5	shop00078	2012-01-01
6	shop00032	2012-01-01
7	shop00007	2012-01-01
8	shop00039	2012-01-01
9	shop00065	2012-01-01
10	shop00027	2012-01-01
11	shop00099	2012-01-01
12	shop00060	2012-01-01
13	shop00064	2012-01-01
14	shop00002	2012-01-01
15	shop00098	2012-01-01
16	shop00063	2012-01-01
17	shop00073	2012-01-01
18	shop00055	2012-01-01
19	shop00036	2012-01-01
20	shop00018	2012-01-01
21	shop00052	2012-01-01
22	shop00010	2012-01-01
23	shop00094	2012-01-01
24	shop00024	2012-01-01
25	shop00012	2012-01-01
26	shop00067	2012-01-01
27	shop00017	2012-01-01
28	shop00085	2012-01-01
29	shop00070	2012-01-01
30	shop00091	2012-01-01
31	shop00092	2012-01-01
32	shop00043	2012-01-01
33	shop00046	2012-01-01
34	shop00005	2012-01-01
35	shop00038	2012-01-01
36	shop00081	2012-01-02
37	shop00012	2012-01-02
38	shop00009	2012-01-02
39	shop00094	2012-01-02
40	shop00039	2012-01-02
41	shop00052	2012-01-02
42	shop00004	2012-01-02
43	shop00032	2012-01-02
44	shop00083	2012-01-02
45	shop00015	2012-01-02
46	shop00074	2012-01-02
47	shop00060	2012-01-02
48	shop00048	2012-01-02
49	shop00025	2012-01-02
50	shop00021	2012-01-02
51	shop00058	2012-01-02
52	shop00038	2012-01-03
53	shop00013	2012-01-03
54	shop00047	2012-01-03
55	shop00078	2012-01-03
56	shop00031	2012-01-03
57	shop00058	2012-01-03
58	shop00092	2012-01-03
59	shop00061	2012-01-03
60	shop00010	2012-01-03
61	shop00055	2012-01-03
62	shop00053	2012-01-03
63	shop00026	2012-01-03
64	shop00028	2012-01-03
65	shop00098	2012-01-03
66	shop00049	2012-01-03
67	shop00095	2012-01-03
68	shop00005	2012-01-03
69	shop00034	2012-01-03
70	shop00093	2012-01-03
71	shop00050	2012-01-03
72	shop00043	2012-01-03
73	shop00089	2012-01-03
74	shop00066	2012-01-03
75	shop00076	2012-01-03
76	shop00021	2012-01-03
77	shop00007	2012-01-03
78	shop00068	2012-01-03
79	shop00046	2012-01-03
80	shop00085	2012-01-03
81	shop00004	2012-01-03
82	shop00063	2012-01-03
83	shop00033	2012-01-03
84	shop00032	2012-01-03
85	shop00060	2012-01-03
86	shop00062	2012-01-03
87	shop00087	2012-01-04
88	shop00054	2012-01-04
89	shop00091	2012-01-04
90	shop00049	2012-01-04
91	shop00042	2012-01-04
92	shop00020	2012-01-04
93	shop00036	2012-01-04
94	shop00050	2012-01-04
95	shop00058	2012-01-04
96	shop00002	2012-01-04
97	shop00025	2012-01-04
98	shop00021	2012-01-04
99	shop00047	2012-01-04
100	shop00065	2012-01-04
101	shop00095	2012-01-04
102	shop00016	2012-01-04
103	shop00031	2012-01-04
104	shop00069	2012-01-04
105	shop00028	2012-01-04
106	shop00084	2012-01-04
107	shop00024	2012-01-04
108	shop00035	2012-01-04
109	shop00043	2012-01-04
110	shop00004	2012-01-04
111	shop00075	2012-01-04
112	shop00039	2012-01-04
113	shop00010	2012-01-04
114	shop00044	2012-01-04
115	shop00077	2012-01-04
116	shop00069	2012-01-05
117	shop00058	2012-01-05
118	shop00006	2012-01-05
119	shop00008	2012-01-05
120	shop00057	2012-01-05
121	shop00051	2012-01-05
122	shop00082	2012-01-05
123	shop00050	2012-01-05
124	shop00005	2012-01-05
125	shop00043	2012-01-05
126	shop00084	2012-01-05
127	shop00023	2012-01-05
128	shop00060	2012-01-05
129	shop00096	2012-01-05
130	shop00039	2012-01-05
131	shop00046	2012-01-05
132	shop00017	2012-01-05
133	shop00091	2012-01-05
134	shop00029	2012-01-05
135	shop00022	2012-01-05
136	shop00076	2012-01-05
137	shop00083	2012-01-06
138	shop00066	2012-01-06
139	shop00002	2012-01-06
140	shop00100	2012-01-06
141	shop00085	2012-01-06
142	shop00050	2012-01-06
143	shop00019	2012-01-06
144	shop00049	2012-01-06
145	shop00080	2012-01-06
146	shop00097	2012-01-06
147	shop00031	2012-01-06
148	shop00046	2012-01-06
149	shop00009	2012-01-06
150	shop00040	2012-01-06
151	shop00088	2012-01-06
152	shop00048	2012-01-06
153	shop00030	2012-01-06
154	shop00079	2012-01-06
155	shop00061	2012-01-06
156	shop00018	2012-01-06
157	shop00003	2012-01-06
158	shop00054	2012-01-06
159	shop00093	2012-01-06
160	shop00001	2012-01-06
161	shop00094	2012-01-06
162	shop00014	2012-01-06
163	shop00082	2012-01-06
164	shop00011	2012-01-06
165	shop00038	2012-01-06
166	shop00072	2012-01-07
167	shop00061	2012-01-07
168	shop00002	2012-01-07
169	shop00066	2012-01-07
170	shop00050	2012-01-07
171	shop00025	2012-01-07
172	shop00004	2012-01-07
173	shop00070	2012-01-07
174	shop00039	2012-01-07
175	shop00048	2012-01-07
176	shop00055	2012-01-07
177	shop00093	2012-01-07
178	shop00077	2012-01-07
179	shop00016	2012-01-07
180	shop00042	2012-01-07
181	shop00046	2012-01-07
182	shop00097	2012-01-07
183	shop00049	2012-01-07
184	shop00013	2012-01-07
185	shop00001	2012-01-07
186	shop00022	2012-01-07
187	shop00057	2012-01-07
188	shop00073	2012-01-07
189	shop00084	2012-01-07
190	shop00086	2012-01-07
191	shop00018	2012-01-07
192	shop00017	2012-01-07
193	shop00064	2012-01-07
194	shop00095	2012-01-07
195	shop00081	2012-01-07
196	shop00040	2012-01-07
197	shop00089	2012-01-07
198	shop00052	2012-01-07
199	shop00011	2012-01-07
200	shop00024	2012-01-07
201	shop00098	2012-01-07
202	shop00091	2012-01-07
203	shop00075	2012-01-07
204	shop00031	2012-01-07
205	shop00051	2012-01-07
206	shop00038	2012-01-07
207	shop00033	2012-01-07
208	shop00054	2012-01-07
209	shop00092	2012-01-07
210	shop00043	2012-01-07
211	shop00041	2012-01-07
212	shop00006	2012-01-07
213	shop00045	2012-01-07
214	shop00074	2012-01-07
215	shop00056	2012-01-07
216	shop00015	2012-01-07
217	shop00100	2012-01-07
218	shop00058	2012-01-07
219	shop00012	2012-01-07
220	shop00096	2012-01-07
221	shop00082	2012-01-07
222	shop00068	2012-01-07
223	shop00062	2012-01-07
224	shop00034	2012-01-07
225	shop00026	2012-01-07
226	shop00019	2012-01-07
227	shop00060	2012-01-07
228	shop00063	2012-01-07
229	shop00021	2012-01-07
230	shop00008	2012-01-07
231	shop00010	2012-01-07
232	shop00009	2012-01-07
233	shop00047	2012-01-07
234	shop00078	2012-01-07
235	shop00065	2012-01-07
236	shop00032	2012-01-07
237	shop00005	2012-01-07
238	shop00047	2012-01-08
239	shop00087	2012-01-08
240	shop00050	2012-01-08
241	shop00055	2012-01-08
242	shop00026	2012-01-08
243	shop00013	2012-01-08
244	shop00077	2012-01-08
245	shop00052	2012-01-08
246	shop00003	2012-01-08
247	shop00044	2012-01-08
248	shop00075	2012-01-08
249	shop00004	2012-01-08
250	shop00023	2012-01-08
251	shop00059	2012-01-08
252	shop00017	2012-01-08
253	shop00018	2012-01-08
254	shop00058	2012-01-08
255	shop00022	2012-01-08
256	shop00073	2012-01-08
257	shop00100	2012-01-08
258	shop00067	2012-01-08
259	shop00032	2012-01-08
260	shop00088	2012-01-08
261	shop00025	2012-01-08
262	shop00040	2012-01-08
263	shop00034	2012-01-08
264	shop00035	2012-01-08
265	shop00095	2012-01-08
266	shop00060	2012-01-08
267	shop00028	2012-01-08
268	shop00089	2012-01-08
269	shop00097	2012-01-08
270	shop00049	2012-01-08
271	shop00069	2012-01-08
272	shop00090	2012-01-08
273	shop00081	2012-01-08
274	shop00092	2012-01-08
275	shop00091	2012-01-08
276	shop00065	2012-01-08
277	shop00072	2012-01-08
278	shop00056	2012-01-08
279	shop00038	2012-01-08
280	shop00010	2012-01-08
281	shop00083	2012-01-08
282	shop00098	2012-01-08
283	shop00042	2012-01-08
284	shop00024	2012-01-08
285	shop00012	2012-01-08
286	shop00057	2012-01-08
287	shop00005	2012-01-08
288	shop00009	2012-01-08
289	shop00051	2012-01-08
290	shop00054	2012-01-08
291	shop00094	2012-01-08
292	shop00011	2012-01-08
293	shop00068	2012-01-08
294	shop00008	2012-01-08
295	shop00082	2012-01-08
296	shop00062	2012-01-08
297	shop00064	2012-01-08
298	shop00036	2012-01-08
299	shop00007	2012-01-08
300	shop00041	2012-01-08
301	shop00016	2012-01-08
302	shop00039	2012-01-08
303	shop00096	2012-01-08
304	shop00029	2012-01-08
305	shop00048	2012-01-08
306	shop00033	2012-01-08
307	shop00031	2012-01-08
308	shop00046	2012-01-08
309	shop00015	2012-01-08
310	shop00030	2012-01-08
311	shop00027	2012-01-08
312	shop00063	2012-01-08
313	shop00076	2012-01-08
314	shop00001	2012-01-08
315	shop00070	2012-01-08
316	shop00078	2012-01-08
317	shop00034	2012-01-09
318	shop00063	2012-01-09
319	shop00013	2012-01-09
320	shop00040	2012-01-10
321	shop00070	2012-01-10
322	shop00046	2012-01-10
323	shop00006	2012-01-10
324	shop00001	2012-01-10
325	shop00068	2012-01-10
326	shop00020	2012-01-10
327	shop00060	2012-01-10
328	shop00002	2012-01-10
329	shop00062	2012-01-10
330	shop00015	2012-01-10
331	shop00088	2012-01-10
332	shop00019	2012-01-10
333	shop00100	2012-01-10
334	shop00076	2012-01-10
335	shop00041	2012-01-10
336	shop00016	2012-01-10
337	shop00083	2012-01-10
338	shop00084	2012-01-10
339	shop00086	2012-01-10
340	shop00056	2012-01-10
341	shop00027	2012-01-10
342	shop00026	2012-01-10
343	shop00053	2012-01-10
344	shop00064	2012-01-10
345	shop00030	2012-01-10
346	shop00067	2012-01-10
347	shop00081	2012-01-10
348	shop00017	2012-01-10
349	shop00032	2012-01-10
350	shop00039	2012-01-10
351	shop00011	2012-01-10
352	shop00057	2012-01-10
353	shop00072	2012-01-10
354	shop00024	2012-01-10
355	shop00079	2012-01-10
356	shop00007	2012-01-10
357	shop00003	2012-01-10
358	shop00052	2012-01-10
359	shop00080	2012-01-10
360	shop00049	2012-01-10
361	shop00077	2012-01-10
362	shop00012	2012-01-10
363	shop00058	2012-01-10
364	shop00014	2012-01-10
365	shop00073	2012-01-10
366	shop00075	2012-01-10
367	shop00036	2012-01-10
368	shop00099	2012-01-10
369	shop00071	2012-01-10
370	shop00038	2012-01-10
371	shop00037	2012-01-10
372	shop00005	2012-01-10
373	shop00055	2012-01-10
374	shop00031	2012-01-10
375	shop00094	2012-01-10
376	shop00095	2012-01-10
377	shop00047	2012-01-10
378	shop00096	2012-01-10
379	shop00048	2012-01-10
380	shop00034	2012-01-10
381	shop00043	2012-01-10
382	shop00035	2012-01-10
383	shop00074	2012-01-10
384	shop00098	2012-01-10
385	shop00087	2012-01-10
386	shop00028	2012-01-10
387	shop00061	2012-01-10
388	shop00063	2012-01-10
389	shop00051	2012-01-10
390	shop00045	2012-01-10
391	shop00044	2012-01-10
392	shop00097	2012-01-10
393	shop00085	2012-01-10
394	shop00004	2012-01-10
395	shop00069	2012-01-10
396	shop00043	2012-01-11
397	shop00037	2012-01-11
398	shop00013	2012-01-11
399	shop00021	2012-01-11
400	shop00049	2012-01-11
401	shop00054	2012-01-11
402	shop00025	2012-01-11
403	shop00079	2012-01-11
404	shop00016	2012-01-11
405	shop00063	2012-01-11
406	shop00029	2012-01-11
407	shop00039	2012-01-11
408	shop00020	2012-01-11
409	shop00089	2012-01-11
410	shop00068	2012-01-11
411	shop00033	2012-01-11
412	shop00066	2012-01-11
413	shop00012	2012-01-11
414	shop00022	2012-01-11
415	shop00064	2012-01-11
416	shop00003	2012-01-11
417	shop00042	2012-01-11
418	shop00080	2012-01-11
419	shop00077	2012-01-11
420	shop00083	2012-01-11
421	shop00093	2012-01-11
422	shop00059	2012-01-11
423	shop00052	2012-01-11
424	shop00035	2012-01-11
425	shop00001	2012-01-11
426	shop00074	2012-01-11
427	shop00002	2012-01-11
428	shop00051	2012-01-11
429	shop00061	2012-01-11
430	shop00053	2012-01-11
431	shop00078	2012-01-11
432	shop00073	2012-01-11
433	shop00050	2012-01-11
434	shop00065	2012-01-11
435	shop00082	2012-01-11
436	shop00038	2012-01-11
437	shop00100	2012-01-11
438	shop00088	2012-01-11
439	shop00047	2012-01-11
440	shop00092	2012-01-11
441	shop00041	2012-01-11
442	shop00099	2012-01-11
443	shop00048	2012-01-11
444	shop00071	2012-01-11
445	shop00026	2012-01-11
446	shop00086	2012-01-11
447	shop00005	2012-01-11
448	shop00085	2012-01-11
449	shop00069	2012-01-11
450	shop00067	2012-01-11
451	shop00004	2012-01-11
452	shop00060	2012-01-11
453	shop00010	2012-01-11
454	shop00070	2012-01-11
455	shop00019	2012-01-11
456	shop00027	2012-01-11
457	shop00072	2012-01-11
458	shop00091	2012-01-11
459	shop00031	2012-01-11
460	shop00096	2012-01-11
461	shop00028	2012-01-11
462	shop00008	2012-01-11
463	shop00014	2012-01-11
464	shop00015	2012-01-11
465	shop00023	2012-01-11
466	shop00027	2012-01-12
467	shop00080	2012-01-12
468	shop00026	2012-01-12
469	shop00013	2012-01-12
470	shop00012	2012-01-12
471	shop00062	2012-01-12
472	shop00085	2012-01-12
473	shop00047	2012-01-12
474	shop00064	2012-01-12
475	shop00034	2012-01-12
476	shop00009	2012-01-12
477	shop00040	2012-01-12
478	shop00056	2012-01-12
479	shop00097	2012-01-12
480	shop00017	2012-01-12
481	shop00052	2012-01-12
482	shop00076	2012-01-12
483	shop00044	2012-01-12
484	shop00090	2012-01-12
485	shop00061	2012-01-12
486	shop00018	2012-01-12
487	shop00086	2012-01-12
488	shop00092	2012-01-12
489	shop00010	2012-01-12
490	shop00069	2012-01-12
491	shop00054	2012-01-12
492	shop00077	2012-01-12
493	shop00032	2012-01-12
494	shop00072	2012-01-12
495	shop00045	2012-01-12
496	shop00022	2012-01-12
497	shop00020	2012-01-12
498	shop00082	2012-01-12
499	shop00042	2012-01-12
500	shop00043	2012-01-12
501	shop00057	2012-01-12
502	shop00003	2012-01-12
503	shop00041	2012-01-12
504	shop00024	2012-01-12
505	shop00084	2012-01-12
506	shop00048	2012-01-12
507	shop00001	2012-01-12
508	shop00079	2012-01-12
509	shop00074	2012-01-12
510	shop00023	2012-01-12
511	shop00035	2012-01-12
512	shop00037	2012-01-12
513	shop00015	2012-01-12
514	shop00019	2012-01-13
515	shop00039	2012-01-13
516	shop00099	2012-01-13
517	shop00057	2012-01-13
518	shop00027	2012-01-13
519	shop00024	2012-01-13
520	shop00022	2012-01-13
521	shop00016	2012-01-13
522	shop00093	2012-01-13
523	shop00086	2012-01-13
524	shop00038	2012-01-13
525	shop00058	2012-01-13
526	shop00033	2012-01-13
527	shop00047	2012-01-13
528	shop00089	2012-01-13
529	shop00068	2012-01-13
530	shop00063	2012-01-13
531	shop00013	2012-01-13
532	shop00021	2012-01-13
533	shop00053	2012-01-13
534	shop00071	2012-01-13
535	shop00087	2012-01-13
536	shop00079	2012-01-13
537	shop00017	2012-01-13
538	shop00026	2012-01-13
539	shop00001	2012-01-13
540	shop00065	2012-01-13
541	shop00083	2012-01-13
542	shop00043	2012-01-13
543	shop00029	2012-01-13
544	shop00041	2012-01-13
545	shop00077	2012-01-13
546	shop00081	2012-01-13
547	shop00044	2012-01-13
548	shop00100	2012-01-13
549	shop00025	2012-01-13
550	shop00046	2012-01-13
551	shop00082	2012-01-13
552	shop00064	2012-01-13
553	shop00059	2012-01-13
554	shop00003	2012-01-13
555	shop00020	2012-01-13
556	shop00010	2012-01-13
557	shop00062	2012-01-13
558	shop00034	2012-01-13
559	shop00005	2012-01-13
560	shop00030	2012-01-13
561	shop00035	2012-01-13
562	shop00050	2012-01-13
563	shop00056	2012-01-13
564	shop00012	2012-01-13
565	shop00054	2012-01-13
566	shop00074	2012-01-13
567	shop00014	2012-01-13
568	shop00018	2012-01-13
569	shop00052	2012-01-13
570	shop00092	2012-01-13
571	shop00061	2012-01-13
572	shop00051	2012-01-13
573	shop00069	2012-01-13
574	shop00004	2012-01-13
575	shop00066	2012-01-13
576	shop00011	2012-01-13
577	shop00007	2012-01-13
578	shop00009	2012-01-13
579	shop00072	2012-01-13
580	shop00031	2012-01-13
581	shop00084	2012-01-13
582	shop00100	2012-01-14
583	shop00086	2012-01-14
584	shop00031	2012-01-14
585	shop00022	2012-01-14
586	shop00059	2012-01-14
587	shop00015	2012-01-14
588	shop00030	2012-01-14
589	shop00009	2012-01-14
590	shop00087	2012-01-14
591	shop00016	2012-01-14
592	shop00044	2012-01-14
593	shop00091	2012-01-14
594	shop00013	2012-01-14
595	shop00083	2012-01-14
596	shop00020	2012-01-14
597	shop00005	2012-01-14
598	shop00003	2012-01-14
599	shop00028	2012-01-14
600	shop00098	2012-01-14
601	shop00007	2012-01-14
602	shop00035	2012-01-14
603	shop00019	2012-01-14
604	shop00051	2012-01-14
605	shop00010	2012-01-14
606	shop00074	2012-01-14
607	shop00053	2012-01-14
608	shop00056	2012-01-14
609	shop00025	2012-01-14
610	shop00068	2012-01-14
611	shop00049	2012-01-14
612	shop00063	2012-01-14
613	shop00062	2012-01-14
614	shop00081	2012-01-14
615	shop00038	2012-01-14
616	shop00041	2012-01-14
617	shop00017	2012-01-15
618	shop00003	2012-01-15
619	shop00035	2012-01-15
620	shop00019	2012-01-15
621	shop00069	2012-01-15
622	shop00016	2012-01-15
623	shop00008	2012-01-15
624	shop00023	2012-01-15
625	shop00081	2012-01-15
626	shop00025	2012-01-15
627	shop00066	2012-01-15
628	shop00008	2012-01-16
629	shop00041	2012-01-16
630	shop00075	2012-01-16
631	shop00040	2012-01-16
632	shop00057	2012-01-16
633	shop00010	2012-01-16
634	shop00076	2012-01-16
635	shop00064	2012-01-16
636	shop00062	2012-01-16
637	shop00090	2012-01-16
638	shop00042	2012-01-16
639	shop00001	2012-01-16
640	shop00044	2012-01-16
641	shop00004	2012-01-16
642	shop00100	2012-01-16
643	shop00020	2012-01-16
644	shop00063	2012-01-16
645	shop00032	2012-01-16
646	shop00096	2012-01-16
647	shop00026	2012-01-16
648	shop00059	2012-01-16
649	shop00022	2012-01-16
650	shop00019	2012-01-16
651	shop00034	2012-01-16
652	shop00072	2012-01-16
653	shop00014	2012-01-16
654	shop00082	2012-01-16
655	shop00045	2012-01-16
656	shop00065	2012-01-16
657	shop00087	2012-01-16
658	shop00078	2012-01-16
659	shop00069	2012-01-16
660	shop00051	2012-01-16
661	shop00071	2012-01-16
662	shop00009	2012-01-16
663	shop00049	2012-01-16
664	shop00052	2012-01-16
665	shop00007	2012-01-16
666	shop00053	2012-01-16
667	shop00054	2012-01-16
668	shop00016	2012-01-16
669	shop00066	2012-01-16
670	shop00043	2012-01-16
671	shop00091	2012-01-16
672	shop00068	2012-01-16
673	shop00086	2012-01-16
674	shop00003	2012-01-16
675	shop00077	2012-01-16
676	shop00084	2012-01-16
677	shop00023	2012-01-16
678	shop00005	2012-01-16
679	shop00006	2012-01-16
680	shop00028	2012-01-16
681	shop00036	2012-01-16
682	shop00093	2012-01-16
683	shop00099	2012-01-16
684	shop00011	2012-01-16
685	shop00012	2012-01-16
686	shop00092	2012-01-16
687	shop00094	2012-01-16
688	shop00033	2012-01-16
689	shop00050	2012-01-16
690	shop00035	2012-01-16
691	shop00081	2012-01-16
692	shop00095	2012-01-16
693	shop00083	2012-01-16
694	shop00029	2012-01-16
695	shop00046	2012-01-16
696	shop00039	2012-01-16
697	shop00089	2012-01-16
698	shop00080	2012-01-16
699	shop00047	2012-01-16
700	shop00079	2012-01-16
701	shop00018	2012-01-16
702	shop00015	2012-01-16
703	shop00098	2012-01-16
704	shop00065	2012-01-17
705	shop00047	2012-01-17
706	shop00080	2012-01-17
707	shop00095	2012-01-17
708	shop00021	2012-01-17
709	shop00055	2012-01-17
710	shop00054	2012-01-17
711	shop00012	2012-01-17
712	shop00049	2012-01-17
713	shop00022	2012-01-17
714	shop00027	2012-01-17
715	shop00007	2012-01-17
716	shop00018	2012-01-17
717	shop00076	2012-01-17
718	shop00004	2012-01-17
719	shop00084	2012-01-17
720	shop00079	2012-01-17
721	shop00072	2012-01-17
722	shop00025	2012-01-17
723	shop00014	2012-01-17
724	shop00051	2012-01-17
725	shop00010	2012-01-17
726	shop00016	2012-01-17
727	shop00028	2012-01-17
728	shop00092	2012-01-17
729	shop00019	2012-01-17
730	shop00003	2012-01-17
731	shop00001	2012-01-17
732	shop00035	2012-01-17
733	shop00009	2012-01-17
734	shop00040	2012-01-17
735	shop00043	2012-01-17
736	shop00082	2012-01-17
737	shop00046	2012-01-17
738	shop00074	2012-01-17
739	shop00093	2012-01-17
740	shop00037	2012-01-17
741	shop00052	2012-01-17
742	shop00045	2012-01-17
743	shop00008	2012-01-17
744	shop00042	2012-01-17
745	shop00068	2012-01-17
746	shop00056	2012-01-17
747	shop00031	2012-01-18
748	shop00092	2012-01-18
749	shop00006	2012-01-18
750	shop00082	2012-01-18
751	shop00059	2012-01-18
752	shop00091	2012-01-18
753	shop00028	2012-01-18
754	shop00051	2012-01-18
755	shop00043	2012-01-18
756	shop00060	2012-01-18
757	shop00046	2012-01-18
758	shop00098	2012-01-18
759	shop00067	2012-01-18
760	shop00074	2012-01-18
761	shop00024	2012-01-18
762	shop00068	2012-01-18
763	shop00080	2012-01-18
764	shop00057	2012-01-18
765	shop00044	2012-01-18
766	shop00071	2012-01-18
767	shop00050	2012-01-18
768	shop00004	2012-01-18
769	shop00045	2012-01-18
770	shop00036	2012-01-18
771	shop00027	2012-01-18
772	shop00079	2012-01-18
773	shop00072	2012-01-18
774	shop00002	2012-01-18
775	shop00038	2012-01-18
776	shop00100	2012-01-18
777	shop00049	2012-01-18
778	shop00022	2012-01-18
779	shop00053	2012-01-18
780	shop00061	2012-01-18
781	shop00016	2012-01-18
782	shop00008	2012-01-18
783	shop00026	2012-01-18
784	shop00090	2012-01-18
785	shop00095	2012-01-18
786	shop00055	2012-01-18
787	shop00054	2012-01-18
788	shop00084	2012-01-18
789	shop00018	2012-01-18
790	shop00077	2012-01-18
791	shop00089	2012-01-18
792	shop00020	2012-01-18
793	shop00021	2012-01-18
794	shop00093	2012-01-18
795	shop00063	2012-01-18
796	shop00065	2012-01-18
797	shop00062	2012-01-18
798	shop00097	2012-01-18
799	shop00039	2012-01-18
800	shop00014	2012-01-18
801	shop00047	2012-01-18
802	shop00070	2012-01-18
803	shop00003	2012-01-18
804	shop00042	2012-01-18
805	shop00081	2012-01-18
806	shop00019	2012-01-18
807	shop00076	2012-01-18
808	shop00083	2012-01-18
809	shop00073	2012-01-18
810	shop00096	2012-01-18
811	shop00050	2012-01-19
812	shop00002	2012-01-19
813	shop00017	2012-01-19
814	shop00053	2012-01-19
815	shop00073	2012-01-19
816	shop00043	2012-01-19
817	shop00057	2012-01-19
818	shop00019	2012-01-19
819	shop00094	2012-01-19
820	shop00084	2012-01-19
821	shop00024	2012-01-19
822	shop00077	2012-01-19
823	shop00093	2012-01-19
824	shop00066	2012-01-19
825	shop00037	2012-01-19
826	shop00003	2012-01-19
827	shop00018	2012-01-19
828	shop00039	2012-01-19
829	shop00047	2012-01-19
830	shop00030	2012-01-19
831	shop00054	2012-01-19
832	shop00006	2012-01-19
833	shop00080	2012-01-19
834	shop00074	2012-01-19
835	shop00062	2012-01-19
836	shop00060	2012-01-19
837	shop00095	2012-01-19
838	shop00091	2012-01-19
839	shop00026	2012-01-19
840	shop00085	2012-01-19
841	shop00078	2012-01-19
842	shop00058	2012-01-19
843	shop00042	2012-01-19
844	shop00007	2012-01-19
845	shop00063	2012-01-19
846	shop00001	2012-01-19
847	shop00075	2012-01-19
848	shop00005	2012-01-19
849	shop00040	2012-01-19
850	shop00049	2012-01-19
851	shop00016	2012-01-19
852	shop00083	2012-01-19
853	shop00068	2012-01-19
854	shop00090	2012-01-19
855	shop00041	2012-01-19
856	shop00056	2012-01-19
857	shop00036	2012-01-19
858	shop00015	2012-01-19
859	shop00098	2012-01-19
860	shop00088	2012-01-19
861	shop00048	2012-01-19
862	shop00033	2012-01-19
863	shop00052	2012-01-19
864	shop00076	2012-01-19
865	shop00034	2012-01-19
866	shop00008	2012-01-19
867	shop00011	2012-01-19
868	shop00055	2012-01-20
869	shop00059	2012-01-20
870	shop00007	2012-01-20
871	shop00099	2012-01-20
872	shop00004	2012-01-20
873	shop00001	2012-01-20
874	shop00029	2012-01-20
875	shop00071	2012-01-20
876	shop00087	2012-01-20
877	shop00033	2012-01-20
878	shop00043	2012-01-20
879	shop00097	2012-01-20
880	shop00050	2012-01-20
881	shop00035	2012-01-20
882	shop00085	2012-01-20
883	shop00060	2012-01-20
884	shop00040	2012-01-20
885	shop00030	2012-01-20
886	shop00080	2012-01-20
887	shop00084	2012-01-20
888	shop00076	2012-01-20
889	shop00069	2012-01-20
890	shop00036	2012-01-20
891	shop00034	2012-01-20
892	shop00048	2012-01-20
893	shop00077	2012-01-20
894	shop00015	2012-01-20
895	shop00081	2012-01-20
896	shop00046	2012-01-20
897	shop00061	2012-01-20
898	shop00031	2012-01-20
899	shop00011	2012-01-20
900	shop00017	2012-01-20
901	shop00052	2012-01-20
902	shop00049	2012-01-20
903	shop00038	2012-01-20
904	shop00074	2012-01-20
905	shop00092	2012-01-20
906	shop00065	2012-01-20
907	shop00075	2012-01-20
908	shop00057	2012-01-20
909	shop00094	2012-01-20
910	shop00009	2012-01-20
911	shop00016	2012-01-20
912	shop00037	2012-01-20
913	shop00005	2012-01-20
914	shop00054	2012-01-20
915	shop00047	2012-01-20
916	shop00025	2012-01-20
917	shop00082	2012-01-20
918	shop00028	2012-01-20
919	shop00018	2012-01-20
920	shop00063	2012-01-20
921	shop00056	2012-01-20
922	shop00083	2012-01-20
923	shop00053	2012-01-20
924	shop00023	2012-01-20
925	shop00045	2012-01-20
926	shop00008	2012-01-20
927	shop00095	2012-01-20
928	shop00022	2012-01-20
929	shop00058	2012-01-20
930	shop00064	2012-01-20
931	shop00096	2012-01-20
932	shop00013	2012-01-20
933	shop00070	2012-01-20
934	shop00020	2012-01-20
935	shop00042	2012-01-20
936	shop00090	2012-01-20
937	shop00062	2012-01-20
938	shop00066	2012-01-20
939	shop00073	2012-01-20
940	shop00019	2012-01-20
941	shop00089	2012-01-20
942	shop00090	2012-01-21
943	shop00039	2012-01-21
944	shop00079	2012-01-21
945	shop00078	2012-01-21
946	shop00003	2012-01-21
947	shop00083	2012-01-21
948	shop00049	2012-01-21
949	shop00019	2012-01-21
950	shop00097	2012-01-21
951	shop00056	2012-01-21
952	shop00077	2012-01-21
953	shop00046	2012-01-21
954	shop00053	2012-01-21
955	shop00033	2012-01-21
956	shop00011	2012-01-21
957	shop00086	2012-01-21
958	shop00042	2012-01-21
959	shop00006	2012-01-21
960	shop00063	2012-01-21
961	shop00047	2012-01-21
962	shop00027	2012-01-21
963	shop00064	2012-01-21
964	shop00082	2012-01-21
965	shop00066	2012-01-21
966	shop00035	2012-01-21
967	shop00052	2012-01-21
968	shop00041	2012-01-21
969	shop00029	2012-01-21
970	shop00089	2012-01-21
971	shop00100	2012-01-21
972	shop00024	2012-01-21
973	shop00059	2012-01-21
974	shop00098	2012-01-21
975	shop00045	2012-01-21
976	shop00020	2012-01-21
977	shop00013	2012-01-21
978	shop00018	2012-01-21
979	shop00088	2012-01-21
980	shop00004	2012-01-21
981	shop00057	2012-01-21
982	shop00048	2012-01-21
983	shop00060	2012-01-21
984	shop00065	2012-01-21
985	shop00005	2012-01-21
986	shop00008	2012-01-21
987	shop00085	2012-01-21
988	shop00075	2012-01-21
989	shop00069	2012-01-21
990	shop00016	2012-01-21
991	shop00087	2012-01-21
992	shop00040	2012-01-21
993	shop00071	2012-01-21
994	shop00001	2012-01-21
995	shop00093	2012-01-21
996	shop00026	2012-01-21
997	shop00010	2012-01-21
998	shop00099	2012-01-21
999	shop00054	2012-01-21
1000	shop00032	2012-01-21
1001	shop00002	2012-01-21
1002	shop00012	2012-01-21
1003	shop00031	2012-01-21
1004	shop00009	2012-01-21
1005	shop00068	2012-01-21
1006	shop00074	2012-01-21
1007	shop00036	2012-01-21
1008	shop00070	2012-01-22
1009	shop00054	2012-01-22
1010	shop00030	2012-01-22
1011	shop00002	2012-01-22
1012	shop00043	2012-01-22
1013	shop00078	2012-01-22
1014	shop00056	2012-01-22
1015	shop00018	2012-01-22
1016	shop00016	2012-01-22
1017	shop00073	2012-01-22
1018	shop00051	2012-01-22
1019	shop00061	2012-01-22
1020	shop00077	2012-01-22
1021	shop00068	2012-01-22
1022	shop00089	2012-01-22
1023	shop00039	2012-01-22
1024	shop00009	2012-01-22
1025	shop00090	2012-01-22
1026	shop00034	2012-01-22
1027	shop00004	2012-01-22
1028	shop00037	2012-01-22
1029	shop00048	2012-01-22
1030	shop00074	2012-01-22
1031	shop00033	2012-01-23
1032	shop00034	2012-01-23
1033	shop00047	2012-01-23
1034	shop00019	2012-01-23
1035	shop00053	2012-01-23
1036	shop00021	2012-01-23
1037	shop00006	2012-01-23
1038	shop00088	2012-01-23
1039	shop00062	2012-01-23
1040	shop00030	2012-01-23
1041	shop00032	2012-01-23
1042	shop00043	2012-01-23
1043	shop00027	2012-01-23
1044	shop00092	2012-01-23
1045	shop00064	2012-01-23
1046	shop00016	2012-01-23
1047	shop00100	2012-01-23
1048	shop00007	2012-01-23
1049	shop00054	2012-01-23
1050	shop00087	2012-01-23
1051	shop00050	2012-01-23
1052	shop00048	2012-01-23
1053	shop00079	2012-01-23
1054	shop00022	2012-01-23
1055	shop00005	2012-01-23
1056	shop00012	2012-01-23
1057	shop00014	2012-01-23
1058	shop00015	2012-01-23
1059	shop00067	2012-01-23
1060	shop00083	2012-01-23
1061	shop00052	2012-01-23
1062	shop00046	2012-01-23
1063	shop00049	2012-01-23
1064	shop00013	2012-01-23
1065	shop00070	2012-01-23
1066	shop00072	2012-01-23
1067	shop00091	2012-01-23
1068	shop00090	2012-01-23
1069	shop00039	2012-01-23
1070	shop00082	2012-01-23
1071	shop00038	2012-01-23
1072	shop00004	2012-01-23
1073	shop00009	2012-01-23
1074	shop00037	2012-01-23
1075	shop00096	2012-01-23
1076	shop00020	2012-01-23
1077	shop00063	2012-01-23
1078	shop00023	2012-01-23
1079	shop00055	2012-01-23
1080	shop00058	2012-01-23
1081	shop00042	2012-01-23
1082	shop00095	2012-01-23
1083	shop00031	2012-01-23
1084	shop00066	2012-01-23
1085	shop00094	2012-01-23
1086	shop00010	2012-01-23
1087	shop00014	2012-01-24
1088	shop00033	2012-01-24
1089	shop00076	2012-01-24
1090	shop00013	2012-01-24
1091	shop00082	2012-01-24
1092	shop00075	2012-01-24
1093	shop00051	2012-01-24
1094	shop00100	2012-01-24
1095	shop00034	2012-01-24
1096	shop00097	2012-01-24
1097	shop00096	2012-01-24
1098	shop00068	2012-01-24
1099	shop00036	2012-01-24
1100	shop00088	2012-01-24
1101	shop00048	2012-01-24
1102	shop00084	2012-01-24
1103	shop00064	2012-01-24
1104	shop00004	2012-01-24
1105	shop00017	2012-01-24
1106	shop00025	2012-01-24
1107	shop00087	2012-01-24
1108	shop00027	2012-01-24
1109	shop00021	2012-01-24
1110	shop00012	2012-01-24
1111	shop00079	2012-01-24
1112	shop00042	2012-01-24
1113	shop00028	2012-01-24
1114	shop00043	2012-01-24
1115	shop00044	2012-01-24
1116	shop00040	2012-01-24
1117	shop00041	2012-01-24
1118	shop00067	2012-01-24
1119	shop00098	2012-01-24
1120	shop00022	2012-01-24
1121	shop00089	2012-01-24
1122	shop00055	2012-01-24
1123	shop00037	2012-01-24
1124	shop00049	2012-01-24
1125	shop00018	2012-01-24
1126	shop00019	2012-01-24
1127	shop00065	2012-01-24
1128	shop00059	2012-01-24
1129	shop00072	2012-01-24
1130	shop00032	2012-01-24
1131	shop00038	2012-01-24
1132	shop00085	2012-01-24
1133	shop00029	2012-01-24
1134	shop00009	2012-01-24
1135	shop00011	2012-01-24
1136	shop00001	2012-01-24
1137	shop00016	2012-01-24
1138	shop00035	2012-01-24
1139	shop00099	2012-01-24
1140	shop00003	2012-01-24
1141	shop00060	2012-01-24
1142	shop00070	2012-01-24
1143	shop00094	2012-01-24
1144	shop00073	2012-01-24
1145	shop00029	2012-01-25
1146	shop00093	2012-01-25
1147	shop00058	2012-01-25
1148	shop00024	2012-01-25
1149	shop00009	2012-01-25
1150	shop00078	2012-01-25
1151	shop00074	2012-01-25
1152	shop00003	2012-01-25
1153	shop00014	2012-01-25
1154	shop00044	2012-01-25
1155	shop00030	2012-01-25
1156	shop00094	2012-01-25
1157	shop00063	2012-01-25
1158	shop00011	2012-01-25
1159	shop00053	2012-01-25
1160	shop00021	2012-01-25
1161	shop00064	2012-01-25
1162	shop00033	2012-01-25
1163	shop00032	2012-01-25
1164	shop00091	2012-01-25
1165	shop00031	2012-01-25
1166	shop00090	2012-01-25
1167	shop00075	2012-01-25
1168	shop00015	2012-01-25
1169	shop00060	2012-01-25
1170	shop00010	2012-01-25
1171	shop00077	2012-01-25
1172	shop00022	2012-01-25
1173	shop00036	2012-01-25
1174	shop00073	2012-01-25
1175	shop00002	2012-01-25
1176	shop00019	2012-01-25
1177	shop00061	2012-01-25
1178	shop00037	2012-01-25
1179	shop00004	2012-01-25
1180	shop00013	2012-01-25
1181	shop00059	2012-01-25
1182	shop00012	2012-01-25
1183	shop00088	2012-01-25
1184	shop00052	2012-01-25
1185	shop00035	2012-01-25
1186	shop00081	2012-01-25
1187	shop00098	2012-01-25
1188	shop00100	2012-01-25
1189	shop00028	2012-01-25
1190	shop00006	2012-01-25
1191	shop00076	2012-01-25
1192	shop00070	2012-01-25
1193	shop00048	2012-01-25
1194	shop00023	2012-01-25
1195	shop00095	2012-01-25
1196	shop00049	2012-01-25
1197	shop00046	2012-01-25
1198	shop00082	2012-01-25
1199	shop00083	2012-01-25
1200	shop00005	2012-01-25
1201	shop00020	2012-01-25
1202	shop00069	2012-01-25
1203	shop00018	2012-01-25
1204	shop00056	2012-01-25
1205	shop00089	2012-01-25
1206	shop00047	2012-01-25
1207	shop00039	2012-01-25
1208	shop00065	2012-01-25
1209	shop00043	2012-01-25
1210	shop00026	2012-01-26
1211	shop00072	2012-01-26
1212	shop00060	2012-01-26
1213	shop00022	2012-01-26
1214	shop00021	2012-01-26
1215	shop00011	2012-01-26
1216	shop00035	2012-01-26
1217	shop00090	2012-01-26
1218	shop00074	2012-01-27
1219	shop00018	2012-01-27
1220	shop00075	2012-01-27
1221	shop00070	2012-01-27
1222	shop00022	2012-01-27
1223	shop00091	2012-01-27
1224	shop00071	2012-01-28
1225	shop00070	2012-01-28
1226	shop00035	2012-01-28
1227	shop00051	2012-01-28
1228	shop00044	2012-01-28
1229	shop00096	2012-01-28
1230	shop00045	2012-01-28
1231	shop00042	2012-01-28
1232	shop00053	2012-01-28
1233	shop00018	2012-01-28
1234	shop00008	2012-01-28
1235	shop00040	2012-01-28
1236	shop00059	2012-01-28
1237	shop00019	2012-01-28
1238	shop00074	2012-01-28
1239	shop00027	2012-01-28
1240	shop00047	2012-01-28
1241	shop00083	2012-01-28
1242	shop00012	2012-01-28
1243	shop00026	2012-01-28
1244	shop00010	2012-01-28
1245	shop00098	2012-01-28
1246	shop00081	2012-01-28
1247	shop00039	2012-01-28
1248	shop00095	2012-01-28
1249	shop00052	2012-01-28
1250	shop00016	2012-01-28
1251	shop00011	2012-01-28
1252	shop00043	2012-01-28
1253	shop00001	2012-01-28
1254	shop00015	2012-01-28
1255	shop00082	2012-01-28
1256	shop00034	2012-01-28
1257	shop00097	2012-01-28
1258	shop00089	2012-01-28
1259	shop00029	2012-01-28
1260	shop00054	2012-01-28
1261	shop00058	2012-01-28
1262	shop00024	2012-01-28
1263	shop00078	2012-01-28
1264	shop00086	2012-01-28
1265	shop00064	2012-01-28
1266	shop00014	2012-01-28
1267	shop00025	2012-01-28
1268	shop00022	2012-01-29
1269	shop00084	2012-01-29
1270	shop00089	2012-01-29
1271	shop00005	2012-01-29
1272	shop00094	2012-01-29
1273	shop00099	2012-01-29
1274	shop00050	2012-01-29
1275	shop00054	2012-01-29
1276	shop00004	2012-01-29
1277	shop00072	2012-01-29
1278	shop00074	2012-01-29
1279	shop00070	2012-01-29
1280	shop00057	2012-01-29
1281	shop00021	2012-01-29
1282	shop00020	2012-01-29
1283	shop00028	2012-01-29
1284	shop00035	2012-01-29
1285	shop00059	2012-01-29
1286	shop00076	2012-01-29
1287	shop00056	2012-01-29
1288	shop00060	2012-01-29
1289	shop00075	2012-01-29
1290	shop00083	2012-01-29
1291	shop00081	2012-01-29
1292	shop00087	2012-01-30
1293	shop00037	2012-01-30
1294	shop00060	2012-01-30
1295	shop00041	2012-01-30
1296	shop00009	2012-01-30
1297	shop00049	2012-01-30
1298	shop00063	2012-01-30
1299	shop00003	2012-01-30
1300	shop00040	2012-01-30
1301	shop00091	2012-01-30
1302	shop00021	2012-01-30
1303	shop00030	2012-01-30
1304	shop00074	2012-01-30
1305	shop00059	2012-01-30
1306	shop00096	2012-01-30
1307	shop00013	2012-01-30
1308	shop00031	2012-01-30
1309	shop00082	2012-01-30
1310	shop00036	2012-01-30
1311	shop00055	2012-01-31
1312	shop00060	2012-01-31
1313	shop00002	2012-01-31
1314	shop00048	2012-01-31
1315	shop00017	2012-01-31
1316	shop00023	2012-01-31
1317	shop00007	2012-01-31
1318	shop00062	2012-01-31
1319	shop00069	2012-01-31
1320	shop00091	2012-01-31
1321	shop00053	2012-01-31
1322	shop00065	2012-01-31
1323	shop00098	2012-01-31
1324	shop00087	2012-01-31
1325	shop00057	2012-01-31
1326	shop00034	2012-01-31
1327	shop00019	2012-01-31
1328	shop00054	2012-01-31
1329	shop00004	2012-01-31
1330	shop00024	2012-01-31
1331	shop00020	2012-01-31
1332	shop00013	2012-01-31
1333	shop00099	2012-01-31
1334	shop00025	2012-01-31
1335	shop00066	2012-01-31
1336	shop00088	2012-01-31
1337	shop00016	2012-01-31
1338	shop00036	2012-01-31
1339	shop00090	2012-01-31
1340	shop00097	2012-01-31
1341	shop00014	2012-01-31
1342	shop00021	2012-01-31
1343	shop00037	2012-01-31
1344	shop00070	2012-01-31
1345	shop00084	2012-01-31
1346	shop00056	2012-01-31
1347	shop00028	2012-01-31
1348	shop00041	2012-01-31
1349	shop00086	2012-01-31
1350	shop00009	2012-01-31
1351	shop00064	2012-01-31
1352	shop00049	2012-01-31
1353	shop00044	2012-01-31
1354	shop00042	2012-01-31
1355	shop00030	2012-01-31
1356	shop00076	2012-01-31
1357	shop00078	2012-01-31
1358	shop00026	2012-01-31
1359	shop00096	2012-01-31
1360	shop00059	2012-01-31
1361	shop00067	2012-01-31
1362	shop00071	2012-01-31
1363	shop00038	2012-01-31
1364	shop00095	2012-01-31
1365	shop00061	2012-01-31
1366	shop00079	2012-01-31
1367	shop00010	2012-01-31
1368	shop00068	2012-01-31
1369	shop00058	2012-01-31
1370	shop00063	2012-01-31
1371	shop00035	2012-01-31
1372	shop00008	2012-01-31
1373	shop00015	2012-01-31
1374	shop00093	2012-01-31
1375	shop00047	2012-01-31
1376	shop00083	2012-01-31
1377	shop00094	2012-01-31
1378	shop00082	2012-01-31
1379	shop00001	2012-01-31
1380	shop00078	2012-02-01
1381	shop00026	2012-02-01
1382	shop00079	2012-02-01
1383	shop00055	2012-02-01
1384	shop00080	2012-02-01
1385	shop00006	2012-02-01
1386	shop00066	2012-02-01
1387	shop00090	2012-02-01
1388	shop00087	2012-02-01
1389	shop00052	2012-02-01
1390	shop00002	2012-02-01
1391	shop00085	2012-02-01
1392	shop00045	2012-02-01
1393	shop00031	2012-02-01
1394	shop00093	2012-02-01
1395	shop00042	2012-02-01
1396	shop00025	2012-02-01
1397	shop00048	2012-02-01
1398	shop00036	2012-02-01
1399	shop00067	2012-02-01
1400	shop00060	2012-02-01
1401	shop00003	2012-02-01
1402	shop00076	2012-02-01
1403	shop00041	2012-02-01
1404	shop00100	2012-02-01
1405	shop00064	2012-02-01
1406	shop00072	2012-02-01
1407	shop00049	2012-02-01
1408	shop00021	2012-02-01
1409	shop00034	2012-02-01
1410	shop00037	2012-02-01
1411	shop00061	2012-02-01
1412	shop00024	2012-02-01
1413	shop00044	2012-02-01
1414	shop00099	2012-02-01
1415	shop00077	2012-02-01
1416	shop00065	2012-02-01
1417	shop00028	2012-02-01
1418	shop00075	2012-02-01
1419	shop00050	2012-02-01
1420	shop00005	2012-02-01
1421	shop00091	2012-02-01
1422	shop00068	2012-02-01
1423	shop00039	2012-02-01
1424	shop00082	2012-02-01
1425	shop00074	2012-02-01
1426	shop00095	2012-02-01
1427	shop00019	2012-02-01
1428	shop00047	2012-02-01
1429	shop00096	2012-02-01
1430	shop00013	2012-02-01
1431	shop00001	2012-02-01
1432	shop00088	2012-02-01
1433	shop00073	2012-02-01
1434	shop00086	2012-02-01
1435	shop00083	2012-02-01
1436	shop00016	2012-02-01
1437	shop00059	2012-02-01
1438	shop00035	2012-02-01
1439	shop00081	2012-02-01
1440	shop00057	2012-02-01
1441	shop00029	2012-02-01
1442	shop00097	2012-02-01
1443	shop00009	2012-02-01
1444	shop00056	2012-02-01
1445	shop00079	2012-02-02
1446	shop00011	2012-02-02
1447	shop00086	2012-02-02
1448	shop00056	2012-02-02
1449	shop00021	2012-02-02
1450	shop00071	2012-02-02
1451	shop00035	2012-02-02
1452	shop00024	2012-02-02
1453	shop00050	2012-02-02
1454	shop00100	2012-02-02
1455	shop00028	2012-02-02
1456	shop00040	2012-02-02
1457	shop00059	2012-02-02
1458	shop00078	2012-02-02
1459	shop00073	2012-02-02
1460	shop00014	2012-02-02
1461	shop00049	2012-02-02
1462	shop00042	2012-02-02
1463	shop00008	2012-02-02
1464	shop00034	2012-02-02
1465	shop00045	2012-02-02
1466	shop00005	2012-02-02
1467	shop00072	2012-02-02
1468	shop00002	2012-02-02
1469	shop00003	2012-02-02
1470	shop00013	2012-02-02
1471	shop00063	2012-02-02
1472	shop00043	2012-02-02
1473	shop00030	2012-02-02
1474	shop00097	2012-02-02
1475	shop00094	2012-02-02
1476	shop00064	2012-02-02
1477	shop00088	2012-02-02
1478	shop00004	2012-02-02
1479	shop00068	2012-02-02
1480	shop00067	2012-02-02
1481	shop00077	2012-02-02
1482	shop00098	2012-02-02
1483	shop00023	2012-02-02
1484	shop00026	2012-02-03
1485	shop00040	2012-02-03
1486	shop00095	2012-02-03
1487	shop00061	2012-02-03
1488	shop00083	2012-02-03
1489	shop00015	2012-02-03
1490	shop00042	2012-02-03
1491	shop00088	2012-02-03
1492	shop00048	2012-02-03
1493	shop00092	2012-02-03
1494	shop00068	2012-02-03
1495	shop00011	2012-02-03
1496	shop00039	2012-02-03
1497	shop00021	2012-02-03
1498	shop00035	2012-02-03
1499	shop00012	2012-02-03
1500	shop00014	2012-02-03
1501	shop00100	2012-02-03
1502	shop00001	2012-02-03
1503	shop00060	2012-02-03
1504	shop00057	2012-02-03
1505	shop00055	2012-02-03
1506	shop00094	2012-02-03
1507	shop00059	2012-02-03
1508	shop00064	2012-02-03
1509	shop00046	2012-02-04
1510	shop00035	2012-02-04
1511	shop00086	2012-02-04
1512	shop00097	2012-02-04
1513	shop00071	2012-02-04
1514	shop00051	2012-02-04
1515	shop00025	2012-02-04
1516	shop00068	2012-02-04
1517	shop00061	2012-02-04
1518	shop00072	2012-02-04
1519	shop00004	2012-02-04
1520	shop00023	2012-02-04
1521	shop00078	2012-02-04
1522	shop00043	2012-02-04
1523	shop00014	2012-02-04
1524	shop00058	2012-02-04
1525	shop00036	2012-02-04
1526	shop00018	2012-02-04
1527	shop00084	2012-02-04
1528	shop00069	2012-02-04
1529	shop00041	2012-02-04
1530	shop00044	2012-02-04
1531	shop00100	2012-02-04
1532	shop00063	2012-02-04
1533	shop00026	2012-02-04
1534	shop00021	2012-02-04
1535	shop00091	2012-02-04
1536	shop00099	2012-02-04
1537	shop00016	2012-02-04
1538	shop00062	2012-02-04
1539	shop00066	2012-02-04
1540	shop00033	2012-02-04
1541	shop00028	2012-02-04
1542	shop00006	2012-02-04
1543	shop00093	2012-02-04
1544	shop00079	2012-02-04
1545	shop00057	2012-02-04
1546	shop00020	2012-02-04
1547	shop00019	2012-02-04
1548	shop00059	2012-02-04
1549	shop00052	2012-02-04
1550	shop00008	2012-02-04
1551	shop00029	2012-02-04
1552	shop00032	2012-02-04
1553	shop00049	2012-02-04
1554	shop00040	2012-02-04
1555	shop00056	2012-02-04
1556	shop00098	2012-02-04
1557	shop00020	2012-02-05
1558	shop00085	2012-02-05
1559	shop00010	2012-02-05
1560	shop00045	2012-02-05
1561	shop00063	2012-02-05
1562	shop00048	2012-02-05
1563	shop00035	2012-02-05
1564	shop00022	2012-02-05
1565	shop00082	2012-02-05
1566	shop00062	2012-02-05
1567	shop00099	2012-02-05
1568	shop00009	2012-02-05
1569	shop00055	2012-02-05
1570	shop00054	2012-02-05
1571	shop00094	2012-02-05
1572	shop00029	2012-02-05
1573	shop00071	2012-02-05
1574	shop00015	2012-02-05
1575	shop00032	2012-02-05
1576	shop00012	2012-02-05
1577	shop00003	2012-02-05
1578	shop00037	2012-02-05
1579	shop00041	2012-02-05
1580	shop00023	2012-02-05
1581	shop00096	2012-02-05
1582	shop00078	2012-02-05
1583	shop00057	2012-02-05
1584	shop00016	2012-02-05
1585	shop00091	2012-02-05
1586	shop00028	2012-02-05
1587	shop00030	2012-02-05
1588	shop00100	2012-02-05
1589	shop00043	2012-02-05
1590	shop00072	2012-02-05
1591	shop00004	2012-02-05
1592	shop00042	2012-02-05
1593	shop00040	2012-02-05
1594	shop00084	2012-02-05
1595	shop00066	2012-02-05
1596	shop00068	2012-02-05
1597	shop00056	2012-02-05
1598	shop00017	2012-02-05
1599	shop00093	2012-02-05
1600	shop00046	2012-02-05
1601	shop00073	2012-02-05
1602	shop00076	2012-02-05
1603	shop00081	2012-02-05
1604	shop00070	2012-02-05
1605	shop00051	2012-02-05
1606	shop00036	2012-02-05
1607	shop00088	2012-02-05
1608	shop00026	2012-02-05
1609	shop00065	2012-02-05
1610	shop00090	2012-02-05
1611	shop00087	2012-02-05
1612	shop00041	2012-02-06
1613	shop00078	2012-02-06
1614	shop00018	2012-02-06
1615	shop00085	2012-02-06
1616	shop00022	2012-02-06
1617	shop00035	2012-02-06
1618	shop00033	2012-02-06
1619	shop00089	2012-02-06
1620	shop00087	2012-02-06
1621	shop00071	2012-02-06
1622	shop00074	2012-02-06
1623	shop00060	2012-02-07
1624	shop00003	2012-02-07
1625	shop00046	2012-02-08
1626	shop00045	2012-02-08
1627	shop00098	2012-02-08
1628	shop00066	2012-02-08
1629	shop00012	2012-02-08
1630	shop00076	2012-02-08
1631	shop00007	2012-02-08
1632	shop00049	2012-02-08
1633	shop00078	2012-02-08
1634	shop00057	2012-02-08
1635	shop00096	2012-02-08
1636	shop00070	2012-02-08
1637	shop00085	2012-02-08
1638	shop00040	2012-02-08
1639	shop00054	2012-02-08
1640	shop00044	2012-02-08
1641	shop00034	2012-02-08
1642	shop00021	2012-02-08
1643	shop00053	2012-02-08
1644	shop00038	2012-02-08
1645	shop00088	2012-02-09
1646	shop00020	2012-02-09
1647	shop00051	2012-02-09
1648	shop00004	2012-02-09
1649	shop00044	2012-02-09
1650	shop00057	2012-02-09
1651	shop00052	2012-02-09
1652	shop00021	2012-02-09
1653	shop00047	2012-02-09
1654	shop00041	2012-02-09
1655	shop00074	2012-02-09
1656	shop00038	2012-02-09
1657	shop00080	2012-02-09
1658	shop00056	2012-02-09
1659	shop00005	2012-02-09
1660	shop00066	2012-02-09
1661	shop00061	2012-02-09
1662	shop00001	2012-02-09
1663	shop00034	2012-02-09
1664	shop00012	2012-02-09
1665	shop00046	2012-02-09
1666	shop00042	2012-02-09
1667	shop00093	2012-02-09
1668	shop00033	2012-02-09
1669	shop00063	2012-02-09
1670	shop00017	2012-02-09
1671	shop00083	2012-02-09
1672	shop00010	2012-02-09
1673	shop00019	2012-02-09
1674	shop00053	2012-02-09
1675	shop00050	2012-02-09
1676	shop00089	2012-02-09
1677	shop00024	2012-02-09
1678	shop00031	2012-02-09
1679	shop00023	2012-02-09
1680	shop00082	2012-02-09
1681	shop00022	2012-02-09
1682	shop00002	2012-02-09
1683	shop00027	2012-02-09
1684	shop00068	2012-02-09
1685	shop00030	2012-02-09
1686	shop00003	2012-02-09
1687	shop00091	2012-02-09
1688	shop00072	2012-02-09
1689	shop00075	2012-02-09
1690	shop00092	2012-02-09
1691	shop00100	2012-02-09
1692	shop00007	2012-02-09
1693	shop00085	2012-02-09
1694	shop00062	2012-02-09
1695	shop00084	2012-02-09
1696	shop00043	2012-02-09
1697	shop00098	2012-02-09
1698	shop00069	2012-02-09
1699	shop00099	2012-02-09
1700	shop00049	2012-02-09
1701	shop00058	2012-02-09
1702	shop00016	2012-02-09
1703	shop00014	2012-02-09
1704	shop00064	2012-02-09
1705	shop00067	2012-02-09
1706	shop00025	2012-02-09
1707	shop00028	2012-02-09
1708	shop00029	2012-02-09
1709	shop00097	2012-02-09
1710	shop00090	2012-02-09
1711	shop00070	2012-02-09
1712	shop00051	2012-02-10
1713	shop00082	2012-02-10
1714	shop00089	2012-02-10
1715	shop00070	2012-02-10
1716	shop00029	2012-02-10
1717	shop00086	2012-02-10
1718	shop00055	2012-02-10
1719	shop00034	2012-02-10
1720	shop00065	2012-02-10
1721	shop00028	2012-02-10
1722	shop00061	2012-02-10
1723	shop00026	2012-02-10
1724	shop00009	2012-02-10
1725	shop00040	2012-02-10
1726	shop00010	2012-02-10
1727	shop00013	2012-02-10
1728	shop00053	2012-02-10
1729	shop00041	2012-02-10
1730	shop00012	2012-02-10
1731	shop00043	2012-02-10
1732	shop00075	2012-02-10
1733	shop00072	2012-02-10
1734	shop00036	2012-02-10
1735	shop00064	2012-02-10
1736	shop00019	2012-02-10
1737	shop00081	2012-02-10
1738	shop00022	2012-02-10
1739	shop00083	2012-02-10
1740	shop00015	2012-02-10
1741	shop00008	2012-02-10
1742	shop00057	2012-02-10
1743	shop00096	2012-02-10
1744	shop00048	2012-02-10
1745	shop00024	2012-02-10
1746	shop00023	2012-02-10
1747	shop00018	2012-02-10
1748	shop00087	2012-02-10
1749	shop00074	2012-02-10
1750	shop00025	2012-02-10
1751	shop00059	2012-02-10
1752	shop00058	2012-02-10
1753	shop00079	2012-02-10
1754	shop00003	2012-02-10
1755	shop00016	2012-02-10
1756	shop00056	2012-02-10
1757	shop00044	2012-02-10
1758	shop00090	2012-02-10
1759	shop00060	2012-02-10
1760	shop00033	2012-02-10
1761	shop00067	2012-02-10
1762	shop00030	2012-02-10
1763	shop00032	2012-02-10
1764	shop00011	2012-02-10
1765	shop00017	2012-02-10
1766	shop00098	2012-02-10
1767	shop00099	2012-02-10
1768	shop00093	2012-02-10
1769	shop00091	2012-02-10
1770	shop00001	2012-02-10
1771	shop00068	2012-02-10
1772	shop00094	2012-02-10
1773	shop00031	2012-02-10
1774	shop00054	2012-02-10
1775	shop00042	2012-02-10
1776	shop00047	2012-02-10
1777	shop00077	2012-02-10
1778	shop00006	2012-02-10
1779	shop00004	2012-02-10
1780	shop00080	2012-02-10
1781	shop00020	2012-02-10
1782	shop00097	2012-02-10
1783	shop00062	2012-02-10
1784	shop00027	2012-02-10
1785	shop00063	2012-02-10
1786	shop00046	2012-02-10
1787	shop00084	2012-02-10
1788	shop00073	2012-02-10
1789	shop00052	2012-02-10
1790	shop00069	2012-02-11
1791	shop00095	2012-02-11
1792	shop00100	2012-02-11
1793	shop00067	2012-02-11
1794	shop00068	2012-02-11
1795	shop00017	2012-02-11
1796	shop00048	2012-02-11
1797	shop00033	2012-02-11
1798	shop00070	2012-02-11
1799	shop00050	2012-02-11
1800	shop00049	2012-02-11
1801	shop00053	2012-02-11
1802	shop00027	2012-02-11
1803	shop00019	2012-02-11
1804	shop00037	2012-02-11
1805	shop00082	2012-02-11
1806	shop00065	2012-02-11
1807	shop00025	2012-02-11
1808	shop00076	2012-02-11
1809	shop00099	2012-02-11
1810	shop00066	2012-02-11
1811	shop00074	2012-02-11
1812	shop00085	2012-02-11
1813	shop00056	2012-02-11
1814	shop00009	2012-02-11
1815	shop00039	2012-02-11
1816	shop00028	2012-02-11
1817	shop00034	2012-02-11
1818	shop00055	2012-02-11
1819	shop00043	2012-02-11
1820	shop00040	2012-02-11
1821	shop00084	2012-02-11
1822	shop00096	2012-02-11
1823	shop00075	2012-02-11
1824	shop00022	2012-02-11
1825	shop00093	2012-02-11
1826	shop00029	2012-02-11
1827	shop00024	2012-02-11
1828	shop00060	2012-02-11
1829	shop00051	2012-02-11
1830	shop00003	2012-02-11
1831	shop00051	2012-02-12
1832	shop00026	2012-02-12
1833	shop00057	2012-02-12
1834	shop00039	2012-02-12
1835	shop00063	2012-02-12
1836	shop00075	2012-02-12
1837	shop00086	2012-02-12
1838	shop00022	2012-02-12
1839	shop00094	2012-02-12
1840	shop00091	2012-02-12
1841	shop00066	2012-02-12
1842	shop00097	2012-02-12
1843	shop00055	2012-02-12
1844	shop00019	2012-02-12
1845	shop00024	2012-02-12
1846	shop00058	2012-02-12
1847	shop00015	2012-02-12
1848	shop00077	2012-02-12
1849	shop00093	2012-02-12
1850	shop00005	2012-02-12
1851	shop00062	2012-02-12
1852	shop00021	2012-02-12
1853	shop00084	2012-02-12
1854	shop00042	2012-02-12
1855	shop00004	2012-02-12
1856	shop00054	2012-02-12
1857	shop00078	2012-02-12
1858	shop00030	2012-02-12
1859	shop00044	2012-02-12
1860	shop00046	2012-02-13
1861	shop00051	2012-02-13
1862	shop00009	2012-02-13
1863	shop00008	2012-02-13
1864	shop00057	2012-02-13
1865	shop00074	2012-02-13
1866	shop00039	2012-02-13
1867	shop00042	2012-02-13
1868	shop00013	2012-02-13
1869	shop00003	2012-02-13
1870	shop00040	2012-02-13
1871	shop00070	2012-02-13
1872	shop00048	2012-02-13
1873	shop00062	2012-02-13
1874	shop00024	2012-02-13
1875	shop00031	2012-02-13
1876	shop00001	2012-02-13
1877	shop00017	2012-02-13
1878	shop00067	2012-02-13
1879	shop00075	2012-02-13
1880	shop00078	2012-02-13
1881	shop00084	2012-02-13
1882	shop00069	2012-02-13
1883	shop00080	2012-02-13
1884	shop00027	2012-02-13
1885	shop00012	2012-02-13
1886	shop00007	2012-02-13
1887	shop00082	2012-02-13
1888	shop00049	2012-02-13
1889	shop00087	2012-02-13
1890	shop00002	2012-02-13
1891	shop00097	2012-02-13
1892	shop00100	2012-02-13
1893	shop00081	2012-02-13
1894	shop00028	2012-02-13
1895	shop00023	2012-02-13
1896	shop00050	2012-02-13
1897	shop00086	2012-02-13
1898	shop00079	2012-02-13
1899	shop00055	2012-02-13
1900	shop00073	2012-02-13
1901	shop00088	2012-02-14
1902	shop00098	2012-02-14
1903	shop00075	2012-02-14
1904	shop00009	2012-02-14
1905	shop00043	2012-02-14
1906	shop00040	2012-02-14
1907	shop00045	2012-02-14
1908	shop00014	2012-02-14
1909	shop00015	2012-02-14
1910	shop00096	2012-02-14
1911	shop00091	2012-02-14
1912	shop00024	2012-02-14
1913	shop00039	2012-02-14
1914	shop00058	2012-02-14
1915	shop00072	2012-02-14
1916	shop00092	2012-02-14
1917	shop00082	2012-02-14
1918	shop00027	2012-02-14
1919	shop00077	2012-02-14
1920	shop00026	2012-02-14
1921	shop00054	2012-02-14
1922	shop00068	2012-02-14
1923	shop00060	2012-02-14
1924	shop00044	2012-02-14
1925	shop00071	2012-02-14
1926	shop00022	2012-02-14
1927	shop00033	2012-02-14
1928	shop00064	2012-02-14
1929	shop00089	2012-02-14
1930	shop00062	2012-02-14
1931	shop00002	2012-02-14
1932	shop00069	2012-02-14
1933	shop00008	2012-02-14
1934	shop00090	2012-02-14
1935	shop00055	2012-02-14
1936	shop00052	2012-02-14
1937	shop00061	2012-02-14
1938	shop00035	2012-02-14
1939	shop00097	2012-02-14
1940	shop00086	2012-02-14
1941	shop00030	2012-02-14
1942	shop00018	2012-02-14
1943	shop00087	2012-02-14
1944	shop00074	2012-02-14
1945	shop00046	2012-02-14
1946	shop00084	2012-02-14
1947	shop00020	2012-02-14
1948	shop00051	2012-02-14
1949	shop00056	2012-02-14
1950	shop00095	2012-02-14
1951	shop00031	2012-02-14
1952	shop00025	2012-02-14
1953	shop00069	2012-02-15
1954	shop00020	2012-02-15
1955	shop00036	2012-02-15
1956	shop00055	2012-02-15
1957	shop00035	2012-02-15
1958	shop00005	2012-02-15
1959	shop00025	2012-02-15
1960	shop00052	2012-02-15
1961	shop00074	2012-02-15
1962	shop00021	2012-02-15
1963	shop00027	2012-02-15
1964	shop00064	2012-02-15
1965	shop00039	2012-02-15
1966	shop00008	2012-02-15
1967	shop00026	2012-02-15
1968	shop00017	2012-02-15
1969	shop00085	2012-02-15
1970	shop00086	2012-02-15
1971	shop00024	2012-02-15
1972	shop00072	2012-02-15
1973	shop00079	2012-02-15
1974	shop00061	2012-02-15
1975	shop00011	2012-02-15
1976	shop00032	2012-02-15
1977	shop00043	2012-02-15
1978	shop00057	2012-02-15
1979	shop00056	2012-02-15
1980	shop00015	2012-02-15
1981	shop00009	2012-02-15
1982	shop00094	2012-02-15
1983	shop00080	2012-02-15
1984	shop00078	2012-02-15
1985	shop00084	2012-02-15
1986	shop00053	2012-02-15
1987	shop00070	2012-02-15
1988	shop00049	2012-02-15
1989	shop00073	2012-02-15
1990	shop00022	2012-02-15
1991	shop00023	2012-02-15
1992	shop00100	2012-02-15
1993	shop00059	2012-02-15
1994	shop00096	2012-02-15
1995	shop00063	2012-02-15
1996	shop00093	2012-02-15
1997	shop00038	2012-02-15
1998	shop00060	2012-02-15
1999	shop00087	2012-02-15
2000	shop00034	2012-02-15
2001	shop00040	2012-02-15
2002	shop00046	2012-02-15
2003	shop00029	2012-02-15
2004	shop00042	2012-02-15
2005	shop00090	2012-02-15
2006	shop00062	2012-02-15
2007	shop00082	2012-02-15
2008	shop00045	2012-02-15
2009	shop00078	2012-02-16
2010	shop00093	2012-02-16
2011	shop00017	2012-02-16
2012	shop00040	2012-02-16
2013	shop00075	2012-02-16
2014	shop00100	2012-02-16
2015	shop00007	2012-02-16
2016	shop00058	2012-02-16
2017	shop00043	2012-02-16
2018	shop00011	2012-02-16
2019	shop00072	2012-02-16
2020	shop00084	2012-02-16
2021	shop00027	2012-02-16
2022	shop00019	2012-02-16
2023	shop00098	2012-02-16
2024	shop00032	2012-02-16
2025	shop00003	2012-02-16
2026	shop00055	2012-02-16
2027	shop00095	2012-02-16
2028	shop00047	2012-02-16
2029	shop00052	2012-02-16
2030	shop00038	2012-02-16
2031	shop00016	2012-02-16
2032	shop00070	2012-02-16
2033	shop00066	2012-02-16
2034	shop00059	2012-02-16
2035	shop00015	2012-02-16
2036	shop00096	2012-02-16
2037	shop00056	2012-02-16
2038	shop00037	2012-02-16
2039	shop00034	2012-02-16
2040	shop00079	2012-02-16
2041	shop00012	2012-02-16
2042	shop00094	2012-02-16
2043	shop00057	2012-02-16
2044	shop00046	2012-02-16
2045	shop00028	2012-02-16
2046	shop00033	2012-02-16
2047	shop00089	2012-02-16
2048	shop00064	2012-02-16
2049	shop00071	2012-02-16
2050	shop00074	2012-02-16
2051	shop00022	2012-02-16
2052	shop00085	2012-02-16
2053	shop00005	2012-02-16
2054	shop00080	2012-02-16
2055	shop00002	2012-02-16
2056	shop00050	2012-02-16
2057	shop00023	2012-02-16
2058	shop00083	2012-02-16
2059	shop00082	2012-02-16
2060	shop00024	2012-02-16
2061	shop00063	2012-02-16
2062	shop00067	2012-02-16
2063	shop00088	2012-02-16
2064	shop00026	2012-02-16
2065	shop00049	2012-02-16
2066	shop00090	2012-02-16
2067	shop00086	2012-02-16
2068	shop00020	2012-02-16
2069	shop00078	2012-02-17
2070	shop00031	2012-02-17
2071	shop00075	2012-02-17
2072	shop00043	2012-02-17
2073	shop00012	2012-02-17
2074	shop00088	2012-02-17
2075	shop00029	2012-02-17
2076	shop00057	2012-02-17
2077	shop00026	2012-02-17
2078	shop00018	2012-02-17
2079	shop00013	2012-02-17
2080	shop00010	2012-02-17
2081	shop00098	2012-02-17
2082	shop00022	2012-02-17
2083	shop00050	2012-02-18
2084	shop00011	2012-02-18
2085	shop00089	2012-02-18
2086	shop00083	2012-02-18
2087	shop00023	2012-02-18
2088	shop00074	2012-02-18
2089	shop00081	2012-02-18
2090	shop00086	2012-02-18
2091	shop00092	2012-02-18
2092	shop00095	2012-02-18
2093	shop00060	2012-02-18
2094	shop00080	2012-02-18
2095	shop00084	2012-02-18
2096	shop00038	2012-02-18
2097	shop00005	2012-02-18
2098	shop00052	2012-02-18
2099	shop00030	2012-02-18
2100	shop00087	2012-02-18
2101	shop00019	2012-02-18
2102	shop00096	2012-02-18
2103	shop00068	2012-02-18
2104	shop00055	2012-02-18
2105	shop00094	2012-02-18
2106	shop00027	2012-02-18
2107	shop00064	2012-02-18
2108	shop00062	2012-02-18
2109	shop00061	2012-02-18
2110	shop00056	2012-02-18
2111	shop00036	2012-02-18
2112	shop00078	2012-02-18
2113	shop00049	2012-02-18
2114	shop00048	2012-02-18
2115	shop00009	2012-02-18
2116	shop00032	2012-02-18
2117	shop00013	2012-02-18
2118	shop00072	2012-02-18
2119	shop00076	2012-02-18
2120	shop00031	2012-02-18
2121	shop00057	2012-02-18
2122	shop00059	2012-02-18
2123	shop00066	2012-02-18
2124	shop00020	2012-02-18
2125	shop00090	2012-02-18
2126	shop00003	2012-02-18
2127	shop00043	2012-02-18
2128	shop00010	2012-02-18
2129	shop00100	2012-02-18
2130	shop00015	2012-02-18
2131	shop00040	2012-02-18
2132	shop00073	2012-02-18
2133	shop00085	2012-02-18
2134	shop00063	2012-02-18
2135	shop00065	2012-02-18
2136	shop00037	2012-02-18
2137	shop00098	2012-02-18
2138	shop00028	2012-02-18
2139	shop00077	2012-02-18
2140	shop00075	2012-02-18
2141	shop00016	2012-02-18
2142	shop00070	2012-02-18
2143	shop00002	2012-02-18
2144	shop00017	2012-02-18
2145	shop00071	2012-02-18
2146	shop00008	2012-02-18
2147	shop00091	2012-02-18
2148	shop00014	2012-02-18
2149	shop00001	2012-02-18
2150	shop00053	2012-02-18
2151	shop00079	2012-02-18
2152	shop00054	2012-02-18
2153	shop00058	2012-02-18
2154	shop00021	2012-02-18
2155	shop00042	2012-02-18
2156	shop00007	2012-02-18
2157	shop00099	2012-02-18
2158	shop00026	2012-02-18
2159	shop00039	2012-02-18
2160	shop00088	2012-02-19
2161	shop00043	2012-02-19
2162	shop00045	2012-02-19
2163	shop00092	2012-02-20
2164	shop00033	2012-02-20
2165	shop00085	2012-02-20
2166	shop00018	2012-02-20
2167	shop00086	2012-02-20
2168	shop00024	2012-02-20
2169	shop00099	2012-02-20
2170	shop00080	2012-02-20
2171	shop00068	2012-02-20
2172	shop00096	2012-02-20
2173	shop00045	2012-02-20
2174	shop00046	2012-02-20
2175	shop00082	2012-02-20
2176	shop00016	2012-02-20
2177	shop00047	2012-02-20
2178	shop00074	2012-02-20
2179	shop00038	2012-02-20
2180	shop00048	2012-02-20
2181	shop00034	2012-02-20
2182	shop00029	2012-02-20
2183	shop00081	2012-02-20
2184	shop00084	2012-02-20
2185	shop00010	2012-02-20
2186	shop00046	2012-02-21
2187	shop00026	2012-02-21
2188	shop00040	2012-02-21
2189	shop00075	2012-02-21
2190	shop00054	2012-02-21
2191	shop00060	2012-02-21
2192	shop00045	2012-02-21
2193	shop00098	2012-02-21
2194	shop00030	2012-02-21
2195	shop00076	2012-02-21
2196	shop00048	2012-02-21
2197	shop00053	2012-02-21
2198	shop00068	2012-02-21
2199	shop00005	2012-02-21
2200	shop00061	2012-02-21
2201	shop00070	2012-02-21
2202	shop00016	2012-02-21
2203	shop00088	2012-02-21
2204	shop00072	2012-02-21
2205	shop00083	2012-02-21
2206	shop00004	2012-02-21
2207	shop00011	2012-02-21
2208	shop00098	2012-02-22
2209	shop00077	2012-02-22
2210	shop00094	2012-02-22
2211	shop00004	2012-02-22
2212	shop00073	2012-02-22
2213	shop00083	2012-02-22
2214	shop00045	2012-02-22
2215	shop00063	2012-02-22
2216	shop00046	2012-02-22
2217	shop00009	2012-02-22
2218	shop00021	2012-02-22
2219	shop00030	2012-02-22
2220	shop00027	2012-02-22
2221	shop00086	2012-02-22
2222	shop00001	2012-02-22
2223	shop00018	2012-02-22
2224	shop00054	2012-02-22
2225	shop00047	2012-02-22
2226	shop00084	2012-02-22
2227	shop00025	2012-02-22
2228	shop00003	2012-02-22
2229	shop00050	2012-02-22
2230	shop00026	2012-02-22
2231	shop00055	2012-02-22
2232	shop00066	2012-02-22
2233	shop00029	2012-02-22
2234	shop00071	2012-02-22
2235	shop00038	2012-02-22
2236	shop00048	2012-02-22
2237	shop00082	2012-02-22
2238	shop00076	2012-02-22
2239	shop00016	2012-02-22
2240	shop00005	2012-02-22
2241	shop00032	2012-02-22
2242	shop00022	2012-02-22
2243	shop00020	2012-02-22
2244	shop00034	2012-02-22
2245	shop00012	2012-02-22
2246	shop00014	2012-02-22
2247	shop00069	2012-02-22
2248	shop00057	2012-02-22
2249	shop00019	2012-02-22
2250	shop00049	2012-02-23
2251	shop00066	2012-02-23
2252	shop00063	2012-02-23
2253	shop00028	2012-02-23
2254	shop00078	2012-02-23
2255	shop00086	2012-02-23
2256	shop00023	2012-02-23
2257	shop00044	2012-02-23
2258	shop00085	2012-02-23
2259	shop00074	2012-02-23
2260	shop00005	2012-02-23
2261	shop00068	2012-02-23
2262	shop00016	2012-02-23
2263	shop00050	2012-02-23
2264	shop00059	2012-02-23
2265	shop00010	2012-02-23
2266	shop00092	2012-02-23
2267	shop00043	2012-02-23
2268	shop00038	2012-02-23
2269	shop00011	2012-02-23
2270	shop00012	2012-02-23
2271	shop00037	2012-02-23
2272	shop00079	2012-02-23
2273	shop00072	2012-02-23
2274	shop00013	2012-02-23
2275	shop00040	2012-02-23
2276	shop00088	2012-02-23
2277	shop00003	2012-02-23
2278	shop00027	2012-02-24
2279	shop00067	2012-02-24
2280	shop00029	2012-02-24
2281	shop00003	2012-02-24
2282	shop00034	2012-02-24
2283	shop00016	2012-02-24
2284	shop00086	2012-02-24
2285	shop00093	2012-02-24
2286	shop00032	2012-02-24
2287	shop00092	2012-02-24
2288	shop00001	2012-02-24
2289	shop00006	2012-02-24
2290	shop00020	2012-02-24
2291	shop00019	2012-02-24
2292	shop00005	2012-02-24
2293	shop00039	2012-02-24
2294	shop00085	2012-02-24
2295	shop00048	2012-02-24
2296	shop00052	2012-02-24
2297	shop00003	2012-02-25
2298	shop00090	2012-02-25
2299	shop00078	2012-02-25
2300	shop00007	2012-02-25
2301	shop00073	2012-02-25
2302	shop00067	2012-02-25
2303	shop00097	2012-02-25
2304	shop00009	2012-02-25
2305	shop00056	2012-02-25
2306	shop00052	2012-02-25
2307	shop00055	2012-02-25
2308	shop00024	2012-02-25
2309	shop00012	2012-02-26
2310	shop00095	2012-02-26
2311	shop00081	2012-02-26
2312	shop00040	2012-02-26
2313	shop00090	2012-02-26
2314	shop00059	2012-02-26
2315	shop00054	2012-02-26
2316	shop00050	2012-02-26
2317	shop00027	2012-02-26
2318	shop00018	2012-02-26
2319	shop00097	2012-02-26
2320	shop00076	2012-02-26
2321	shop00062	2012-02-26
2322	shop00004	2012-02-26
2323	shop00035	2012-02-26
2324	shop00098	2012-02-26
2325	shop00072	2012-02-26
2326	shop00039	2012-02-26
2327	shop00056	2012-02-26
2328	shop00096	2012-02-26
2329	shop00023	2012-02-26
2330	shop00049	2012-02-26
2331	shop00052	2012-02-26
2332	shop00058	2012-02-26
2333	shop00047	2012-02-26
2334	shop00024	2012-02-26
2335	shop00064	2012-02-26
2336	shop00071	2012-02-26
2337	shop00085	2012-02-26
2338	shop00074	2012-02-26
2339	shop00077	2012-02-26
2340	shop00022	2012-02-26
2341	shop00015	2012-02-26
2342	shop00021	2012-02-26
2343	shop00069	2012-02-26
2344	shop00073	2012-02-26
2345	shop00049	2012-02-27
2346	shop00026	2012-02-27
2347	shop00016	2012-02-27
2348	shop00087	2012-02-27
2349	shop00075	2012-02-27
2350	shop00076	2012-02-27
2351	shop00096	2012-02-27
2352	shop00002	2012-02-27
2353	shop00078	2012-02-27
2354	shop00079	2012-02-27
2355	shop00004	2012-02-27
2356	shop00027	2012-02-27
2357	shop00042	2012-02-27
2358	shop00065	2012-02-27
2359	shop00086	2012-02-27
2360	shop00023	2012-02-27
2361	shop00100	2012-02-27
2362	shop00008	2012-02-27
2363	shop00093	2012-02-27
2364	shop00010	2012-02-27
2365	shop00034	2012-02-27
2366	shop00038	2012-02-27
2367	shop00068	2012-02-27
2368	shop00041	2012-02-27
2369	shop00059	2012-02-27
2370	shop00054	2012-02-27
2371	shop00085	2012-02-27
2372	shop00015	2012-02-27
2373	shop00082	2012-02-27
2374	shop00080	2012-02-27
2375	shop00032	2012-02-27
2376	shop00003	2012-02-27
2377	shop00062	2012-02-27
2378	shop00014	2012-02-27
2379	shop00009	2012-02-27
2380	shop00091	2012-02-27
2381	shop00024	2012-02-27
2382	shop00070	2012-02-27
2383	shop00039	2012-02-27
2384	shop00044	2012-02-27
2385	shop00055	2012-02-27
2386	shop00094	2012-02-27
2387	shop00031	2012-02-27
2388	shop00040	2012-02-27
2389	shop00053	2012-02-27
2390	shop00007	2012-02-27
2391	shop00017	2012-02-27
2392	shop00005	2012-02-27
2393	shop00052	2012-02-27
2394	shop00066	2012-02-27
2395	shop00045	2012-02-27
2396	shop00074	2012-02-27
2397	shop00020	2012-02-27
2398	shop00019	2012-02-27
2399	shop00077	2012-02-27
2400	shop00061	2012-02-27
2401	shop00097	2012-02-27
2402	shop00050	2012-02-27
2403	shop00084	2012-02-27
2404	shop00011	2012-02-27
2405	shop00099	2012-02-27
2406	shop00018	2012-02-27
2407	shop00080	2012-02-28
2408	shop00096	2012-02-28
2409	shop00035	2012-02-28
2410	shop00083	2012-02-28
2411	shop00023	2012-02-28
2412	shop00087	2012-02-28
2413	shop00076	2012-02-28
2414	shop00097	2012-02-28
2415	shop00045	2012-02-28
2416	shop00036	2012-02-28
2417	shop00017	2012-02-28
2418	shop00090	2012-02-28
2419	shop00002	2012-02-28
2420	shop00100	2012-02-28
2421	shop00014	2012-02-28
2422	shop00001	2012-02-28
2423	shop00034	2012-02-28
2424	shop00057	2012-02-28
2425	shop00018	2012-02-28
2426	shop00015	2012-02-28
2427	shop00072	2012-02-28
2428	shop00005	2012-02-28
2429	shop00043	2012-02-28
2430	shop00028	2012-02-28
2431	shop00075	2012-02-28
2432	shop00038	2012-02-28
2433	shop00079	2012-02-28
2434	shop00082	2012-02-28
2435	shop00099	2012-02-28
2436	shop00069	2012-02-28
2437	shop00054	2012-02-28
2438	shop00049	2012-02-28
2439	shop00064	2012-02-28
2440	shop00091	2012-02-28
2441	shop00061	2012-02-28
2442	shop00066	2012-02-28
2443	shop00052	2012-02-28
2444	shop00065	2012-02-28
2445	shop00088	2012-02-28
2446	shop00063	2012-02-28
2447	shop00098	2012-02-28
2448	shop00050	2012-02-28
2449	shop00084	2012-02-28
2450	shop00004	2012-02-28
2451	shop00067	2012-02-28
2452	shop00073	2012-02-28
2453	shop00093	2012-02-28
2454	shop00089	2012-02-28
2455	shop00046	2012-02-28
2456	shop00039	2012-02-28
2457	shop00081	2012-02-28
2458	shop00077	2012-02-28
2459	shop00011	2012-02-28
2460	shop00086	2012-02-28
2461	shop00051	2012-02-28
2462	shop00074	2012-02-28
2463	shop00027	2012-02-28
2464	shop00040	2012-02-28
2465	shop00044	2012-02-28
2466	shop00002	2012-02-29
2467	shop00022	2012-02-29
2468	shop00031	2012-02-29
2469	shop00051	2012-02-29
2470	shop00054	2012-02-29
2471	shop00098	2012-02-29
2472	shop00052	2012-02-29
2473	shop00016	2012-02-29
2474	shop00063	2012-02-29
2475	shop00027	2012-02-29
2476	shop00061	2012-02-29
2477	shop00060	2012-02-29
2478	shop00048	2012-02-29
2479	shop00025	2012-02-29
2480	shop00065	2012-02-29
2481	shop00062	2012-02-29
2482	shop00024	2012-02-29
2483	shop00001	2012-02-29
2484	shop00028	2012-02-29
2485	shop00064	2012-03-01
2486	shop00087	2012-03-01
2487	shop00082	2012-03-01
2488	shop00020	2012-03-01
2489	shop00069	2012-03-01
2490	shop00032	2012-03-01
2491	shop00002	2012-03-01
2492	shop00086	2012-03-01
2493	shop00073	2012-03-01
2494	shop00091	2012-03-01
2495	shop00026	2012-03-01
2496	shop00049	2012-03-01
2497	shop00022	2012-03-01
2498	shop00092	2012-03-01
2499	shop00046	2012-03-01
2500	shop00037	2012-03-01
2501	shop00097	2012-03-01
2502	shop00004	2012-03-01
2503	shop00027	2012-03-01
2504	shop00015	2012-03-01
2505	shop00083	2012-03-01
2506	shop00067	2012-03-01
2507	shop00024	2012-03-01
2508	shop00036	2012-03-01
2509	shop00053	2012-03-01
2510	shop00006	2012-03-01
2511	shop00033	2012-03-01
2512	shop00052	2012-03-01
2513	shop00041	2012-03-01
2514	shop00039	2012-03-02
2515	shop00024	2012-03-02
2516	shop00040	2012-03-02
2517	shop00055	2012-03-02
2518	shop00014	2012-03-02
2519	shop00065	2012-03-02
2520	shop00025	2012-03-02
2521	shop00088	2012-03-02
2522	shop00100	2012-03-02
2523	shop00013	2012-03-02
2524	shop00005	2012-03-02
2525	shop00091	2012-03-02
2526	shop00097	2012-03-02
2527	shop00060	2012-03-02
2528	shop00047	2012-03-02
2529	shop00082	2012-03-02
2530	shop00078	2012-03-02
2531	shop00067	2012-03-02
2532	shop00083	2012-03-03
2533	shop00013	2012-03-03
2534	shop00089	2012-03-03
2535	shop00039	2012-03-03
2536	shop00021	2012-03-03
2537	shop00036	2012-03-03
2538	shop00046	2012-03-03
2539	shop00009	2012-03-03
2540	shop00076	2012-03-03
2541	shop00058	2012-03-03
2542	shop00026	2012-03-03
2543	shop00056	2012-03-03
2544	shop00053	2012-03-03
2545	shop00001	2012-03-03
2546	shop00100	2012-03-03
2547	shop00098	2012-03-03
2548	shop00038	2012-03-03
2549	shop00016	2012-03-03
2550	shop00068	2012-03-03
2551	shop00002	2012-03-03
2552	shop00055	2012-03-03
2553	shop00066	2012-03-03
2554	shop00091	2012-03-03
2555	shop00062	2012-03-03
2556	shop00011	2012-03-03
2557	shop00044	2012-03-03
2558	shop00029	2012-03-03
2559	shop00035	2012-03-03
2560	shop00094	2012-03-03
2561	shop00057	2012-03-03
2562	shop00063	2012-03-03
2563	shop00082	2012-03-04
2564	shop00059	2012-03-04
2565	shop00012	2012-03-04
2566	shop00028	2012-03-04
2567	shop00011	2012-03-04
2568	shop00068	2012-03-04
2569	shop00074	2012-03-04
2570	shop00060	2012-03-04
2571	shop00022	2012-03-04
2572	shop00094	2012-03-04
2573	shop00093	2012-03-04
2574	shop00007	2012-03-04
2575	shop00021	2012-03-04
2576	shop00079	2012-03-04
2577	shop00054	2012-03-04
2578	shop00037	2012-03-04
2579	shop00031	2012-03-04
2580	shop00033	2012-03-04
2581	shop00085	2012-03-04
2582	shop00044	2012-03-04
2583	shop00053	2012-03-04
2584	shop00095	2012-03-04
2585	shop00057	2012-03-05
2586	shop00098	2012-03-05
2587	shop00044	2012-03-05
2588	shop00083	2012-03-05
2589	shop00043	2012-03-05
2590	shop00060	2012-03-05
2591	shop00003	2012-03-05
2592	shop00052	2012-03-05
2593	shop00061	2012-03-05
2594	shop00018	2012-03-05
2595	shop00058	2012-03-05
2596	shop00023	2012-03-05
2597	shop00020	2012-03-05
2598	shop00030	2012-03-05
2599	shop00054	2012-03-05
2600	shop00039	2012-03-05
2601	shop00006	2012-03-05
2602	shop00026	2012-03-05
2603	shop00077	2012-03-05
2604	shop00032	2012-03-05
2605	shop00076	2012-03-05
2606	shop00009	2012-03-05
2607	shop00047	2012-03-05
2608	shop00042	2012-03-05
2609	shop00090	2012-03-05
2610	shop00073	2012-03-05
2611	shop00025	2012-03-05
2612	shop00081	2012-03-05
2613	shop00024	2012-03-05
2614	shop00055	2012-03-05
2615	shop00004	2012-03-05
2616	shop00048	2012-03-05
2617	shop00087	2012-03-05
2618	shop00028	2012-03-05
2619	shop00046	2012-03-05
2620	shop00049	2012-03-05
2621	shop00094	2012-03-05
2622	shop00097	2012-03-05
2623	shop00051	2012-03-05
2624	shop00016	2012-03-05
2625	shop00040	2012-03-05
2626	shop00034	2012-03-05
2627	shop00079	2012-03-05
2628	shop00029	2012-03-05
2629	shop00095	2012-03-05
2630	shop00038	2012-03-05
2631	shop00068	2012-03-05
2632	shop00059	2012-03-05
2633	shop00008	2012-03-05
2634	shop00066	2012-03-05
2635	shop00063	2012-03-05
2636	shop00092	2012-03-05
2637	shop00015	2012-03-05
2638	shop00100	2012-03-05
2639	shop00099	2012-03-05
2640	shop00088	2012-03-05
2641	shop00093	2012-03-05
2642	shop00033	2012-03-05
2643	shop00084	2012-03-05
2644	shop00021	2012-03-05
2645	shop00058	2012-03-06
2646	shop00003	2012-03-06
2647	shop00097	2012-03-06
2648	shop00039	2012-03-06
2649	shop00008	2012-03-06
2650	shop00033	2012-03-06
2651	shop00078	2012-03-06
2652	shop00007	2012-03-06
2653	shop00027	2012-03-06
2654	shop00046	2012-03-06
2655	shop00037	2012-03-06
2656	shop00057	2012-03-06
2657	shop00052	2012-03-06
2658	shop00047	2012-03-06
2659	shop00092	2012-03-06
2660	shop00087	2012-03-06
2661	shop00069	2012-03-06
2662	shop00096	2012-03-06
2663	shop00084	2012-03-06
2664	shop00048	2012-03-06
2665	shop00041	2012-03-06
2666	shop00031	2012-03-06
2667	shop00077	2012-03-06
2668	shop00034	2012-03-06
2669	shop00043	2012-03-06
2670	shop00011	2012-03-06
2671	shop00089	2012-03-06
2672	shop00050	2012-03-06
2673	shop00055	2012-03-06
2674	shop00024	2012-03-06
2675	shop00035	2012-03-06
2676	shop00022	2012-03-06
2677	shop00073	2012-03-06
2678	shop00012	2012-03-06
2679	shop00062	2012-03-06
2680	shop00076	2012-03-06
2681	shop00026	2012-03-06
2682	shop00029	2012-03-06
2683	shop00082	2012-03-06
2684	shop00099	2012-03-06
2685	shop00094	2012-03-06
2686	shop00025	2012-03-06
2687	shop00072	2012-03-06
2688	shop00036	2012-03-06
2689	shop00016	2012-03-06
2690	shop00070	2012-03-06
2691	shop00071	2012-03-06
2692	shop00051	2012-03-06
2693	shop00017	2012-03-06
2694	shop00067	2012-03-06
2695	shop00010	2012-03-06
2696	shop00075	2012-03-06
2697	shop00080	2012-03-06
2698	shop00083	2012-03-06
2699	shop00042	2012-03-06
2700	shop00090	2012-03-06
2701	shop00088	2012-03-06
2702	shop00020	2012-03-06
2703	shop00056	2012-03-06
2704	shop00095	2012-03-06
2705	shop00059	2012-03-06
2706	shop00014	2012-03-06
2707	shop00006	2012-03-06
2708	shop00093	2012-03-06
2709	shop00085	2012-03-06
2710	shop00064	2012-03-06
2711	shop00081	2012-03-06
2712	shop00023	2012-03-06
2713	shop00098	2012-03-06
2714	shop00015	2012-03-06
2715	shop00081	2012-03-07
2716	shop00020	2012-03-07
2717	shop00002	2012-03-07
2718	shop00062	2012-03-07
2719	shop00095	2012-03-07
2720	shop00057	2012-03-07
2721	shop00042	2012-03-07
2722	shop00060	2012-03-07
2723	shop00085	2012-03-07
2724	shop00078	2012-03-07
2725	shop00054	2012-03-07
2726	shop00071	2012-03-07
2727	shop00028	2012-03-07
2728	shop00038	2012-03-07
2729	shop00058	2012-03-07
2730	shop00034	2012-03-07
2731	shop00049	2012-03-07
2732	shop00003	2012-03-07
2733	shop00009	2012-03-07
2734	shop00088	2012-03-07
2735	shop00032	2012-03-07
2736	shop00055	2012-03-07
2737	shop00075	2012-03-07
2738	shop00014	2012-03-07
2739	shop00072	2012-03-07
2740	shop00089	2012-03-07
2741	shop00030	2012-03-07
2742	shop00065	2012-03-07
2743	shop00045	2012-03-07
2744	shop00087	2012-03-07
2745	shop00090	2012-03-07
2746	shop00096	2012-03-07
2747	shop00027	2012-03-07
2748	shop00039	2012-03-07
2749	shop00017	2012-03-07
2750	shop00012	2012-03-07
2751	shop00070	2012-03-07
2752	shop00018	2012-03-07
2753	shop00094	2012-03-07
2754	shop00069	2012-03-07
2755	shop00063	2012-03-07
2756	shop00067	2012-03-07
2757	shop00059	2012-03-07
2758	shop00097	2012-03-07
2759	shop00073	2012-03-07
2760	shop00006	2012-03-07
2761	shop00031	2012-03-07
2762	shop00056	2012-03-07
2763	shop00011	2012-03-07
2764	shop00100	2012-03-07
2765	shop00091	2012-03-07
2766	shop00052	2012-03-07
2767	shop00024	2012-03-07
2768	shop00092	2012-03-07
2769	shop00083	2012-03-07
2770	shop00099	2012-03-07
2771	shop00022	2012-03-07
2772	shop00076	2012-03-07
2773	shop00015	2012-03-07
2774	shop00066	2012-03-07
2775	shop00080	2012-03-07
2776	shop00036	2012-03-07
2777	shop00086	2012-03-07
2778	shop00016	2012-03-07
2779	shop00053	2012-03-07
2780	shop00048	2012-03-07
2781	shop00035	2012-03-07
2782	shop00051	2012-03-07
2783	shop00007	2012-03-07
2784	shop00021	2012-03-07
2785	shop00082	2012-03-07
2786	shop00005	2012-03-07
2787	shop00047	2012-03-07
2788	shop00043	2012-03-07
2789	shop00025	2012-03-07
2790	shop00013	2012-03-07
2791	shop00041	2012-03-08
2792	shop00015	2012-03-08
2793	shop00010	2012-03-08
2794	shop00077	2012-03-08
2795	shop00089	2012-03-08
2796	shop00025	2012-03-08
2797	shop00072	2012-03-08
2798	shop00080	2012-03-08
2799	shop00079	2012-03-08
2800	shop00075	2012-03-08
2801	shop00098	2012-03-08
2802	shop00050	2012-03-08
2803	shop00035	2012-03-08
2804	shop00046	2012-03-08
2805	shop00067	2012-03-08
2806	shop00040	2012-03-08
2807	shop00095	2012-03-08
2808	shop00096	2012-03-08
2809	shop00064	2012-03-09
2810	shop00095	2012-03-09
2811	shop00052	2012-03-09
2812	shop00029	2012-03-09
2813	shop00016	2012-03-09
2814	shop00005	2012-03-09
2815	shop00043	2012-03-09
2816	shop00070	2012-03-09
2817	shop00003	2012-03-09
2818	shop00030	2012-03-09
2819	shop00026	2012-03-09
2820	shop00046	2012-03-09
2821	shop00086	2012-03-09
2822	shop00078	2012-03-09
2823	shop00089	2012-03-09
2824	shop00039	2012-03-09
2825	shop00093	2012-03-09
2826	shop00060	2012-03-09
2827	shop00028	2012-03-09
2828	shop00040	2012-03-09
2829	shop00056	2012-03-09
2830	shop00076	2012-03-09
2831	shop00011	2012-03-09
2832	shop00079	2012-03-09
2833	shop00051	2012-03-09
2834	shop00096	2012-03-09
2835	shop00020	2012-03-09
2836	shop00027	2012-03-09
2837	shop00074	2012-03-09
2838	shop00092	2012-03-09
2839	shop00085	2012-03-09
2840	shop00009	2012-03-09
2841	shop00050	2012-03-09
2842	shop00035	2012-03-09
2843	shop00038	2012-03-09
2844	shop00008	2012-03-09
2845	shop00071	2012-03-09
2846	shop00017	2012-03-09
2847	shop00083	2012-03-09
2848	shop00072	2012-03-09
2849	shop00037	2012-03-09
2850	shop00004	2012-03-09
2851	shop00055	2012-03-09
2852	shop00002	2012-03-09
2853	shop00006	2012-03-09
2854	shop00010	2012-03-09
2855	shop00018	2012-03-09
2856	shop00084	2012-03-09
2857	shop00021	2012-03-09
2858	shop00099	2012-03-09
2859	shop00045	2012-03-09
2860	shop00022	2012-03-09
2861	shop00053	2012-03-09
2862	shop00094	2012-03-09
2863	shop00077	2012-03-09
2864	shop00065	2012-03-09
2865	shop00098	2012-03-09
2866	shop00073	2012-03-09
2867	shop00027	2012-03-10
2868	shop00080	2012-03-10
2869	shop00022	2012-03-10
2870	shop00012	2012-03-10
2871	shop00100	2012-03-10
2872	shop00024	2012-03-10
2873	shop00071	2012-03-10
2874	shop00075	2012-03-10
2875	shop00019	2012-03-10
2876	shop00059	2012-03-10
2877	shop00051	2012-03-10
2878	shop00094	2012-03-10
2879	shop00081	2012-03-10
2880	shop00032	2012-03-11
2881	shop00051	2012-03-11
2882	shop00065	2012-03-11
2883	shop00010	2012-03-11
2884	shop00021	2012-03-11
2885	shop00027	2012-03-11
2886	shop00050	2012-03-11
2887	shop00019	2012-03-11
2888	shop00033	2012-03-11
2889	shop00013	2012-03-11
2890	shop00046	2012-03-11
2891	shop00009	2012-03-11
2892	shop00041	2012-03-11
2893	shop00077	2012-03-11
2894	shop00063	2012-03-11
2895	shop00064	2012-03-11
2896	shop00056	2012-03-11
2897	shop00049	2012-03-12
2898	shop00011	2012-03-12
2899	shop00013	2012-03-12
2900	shop00047	2012-03-12
2901	shop00092	2012-03-12
2902	shop00038	2012-03-12
2903	shop00068	2012-03-12
2904	shop00081	2012-03-12
2905	shop00021	2012-03-12
2906	shop00076	2012-03-12
2907	shop00025	2012-03-12
2908	shop00077	2012-03-12
2909	shop00027	2012-03-12
2910	shop00089	2012-03-12
2911	shop00042	2012-03-12
2912	shop00100	2012-03-12
2913	shop00002	2012-03-12
2914	shop00004	2012-03-12
2915	shop00046	2012-03-12
2916	shop00059	2012-03-12
2917	shop00030	2012-03-12
2918	shop00045	2012-03-12
2919	shop00029	2012-03-12
2920	shop00069	2012-03-12
2921	shop00054	2012-03-12
2922	shop00057	2012-03-12
2923	shop00098	2012-03-12
2924	shop00093	2012-03-12
2925	shop00085	2012-03-12
2926	shop00064	2012-03-12
2927	shop00090	2012-03-12
2928	shop00055	2012-03-12
2929	shop00072	2012-03-12
2930	shop00070	2012-03-12
2931	shop00041	2012-03-12
2932	shop00063	2012-03-12
2933	shop00036	2012-03-12
2934	shop00056	2012-03-12
2935	shop00067	2012-03-12
2936	shop00001	2012-03-12
2937	shop00099	2012-03-12
2938	shop00010	2012-03-12
2939	shop00003	2012-03-12
2940	shop00075	2012-03-12
2941	shop00034	2012-03-12
2942	shop00091	2012-03-12
2943	shop00096	2012-03-12
2944	shop00015	2012-03-12
2945	shop00026	2012-03-12
2946	shop00044	2012-03-12
2947	shop00006	2012-03-12
2948	shop00009	2012-03-12
2949	shop00035	2012-03-12
2950	shop00071	2012-03-12
2951	shop00061	2012-03-12
2952	shop00086	2012-03-12
2953	shop00066	2012-03-12
2954	shop00017	2012-03-12
2955	shop00028	2012-03-12
2956	shop00018	2012-03-12
2957	shop00060	2012-03-12
2958	shop00074	2012-03-12
2959	shop00016	2012-03-12
2960	shop00095	2012-03-12
2961	shop00043	2012-03-12
2962	shop00082	2012-03-12
2963	shop00065	2012-03-12
2964	shop00031	2012-03-12
2965	shop00052	2012-03-12
2966	shop00020	2012-03-12
2967	shop00008	2012-03-12
2968	shop00048	2012-03-12
2969	shop00040	2012-03-12
2970	shop00005	2012-03-12
2971	shop00088	2012-03-12
2972	shop00014	2012-03-12
2973	shop00022	2012-03-12
2974	shop00053	2012-03-12
2975	shop00058	2012-03-12
2976	shop00022	2012-03-13
2977	shop00063	2012-03-13
2978	shop00017	2012-03-13
2979	shop00075	2012-03-13
2980	shop00093	2012-03-13
2981	shop00082	2012-03-13
2982	shop00010	2012-03-13
2983	shop00024	2012-03-13
2984	shop00018	2012-03-13
2985	shop00005	2012-03-13
2986	shop00077	2012-03-13
2987	shop00054	2012-03-13
2988	shop00029	2012-03-13
2989	shop00096	2012-03-13
2990	shop00008	2012-03-13
2991	shop00059	2012-03-13
2992	shop00073	2012-03-13
2993	shop00007	2012-03-13
2994	shop00039	2012-03-13
2995	shop00028	2012-03-13
2996	shop00066	2012-03-13
2997	shop00091	2012-03-13
2998	shop00069	2012-03-13
2999	shop00067	2012-03-13
3000	shop00064	2012-03-13
3001	shop00084	2012-03-13
3002	shop00021	2012-03-13
3003	shop00006	2012-03-13
3004	shop00037	2012-03-13
3005	shop00087	2012-03-13
3006	shop00044	2012-03-13
3007	shop00040	2012-03-13
3008	shop00016	2012-03-13
3009	shop00041	2012-03-13
3010	shop00100	2012-03-13
3011	shop00001	2012-03-13
3012	shop00009	2012-03-13
3013	shop00050	2012-03-13
3014	shop00088	2012-03-13
3015	shop00051	2012-03-13
3016	shop00095	2012-03-13
3017	shop00056	2012-03-13
3018	shop00053	2012-03-13
3019	shop00043	2012-03-13
3020	shop00011	2012-03-13
3021	shop00026	2012-03-13
3022	shop00060	2012-03-13
3023	shop00071	2012-03-13
3024	shop00045	2012-03-13
3025	shop00055	2012-03-13
3026	shop00042	2012-03-13
3027	shop00099	2012-03-13
3028	shop00061	2012-03-14
3029	shop00095	2012-03-14
3030	shop00025	2012-03-14
3031	shop00087	2012-03-14
3032	shop00017	2012-03-14
3033	shop00052	2012-03-14
3034	shop00096	2012-03-14
3035	shop00004	2012-03-14
3036	shop00069	2012-03-14
3037	shop00082	2012-03-14
3038	shop00055	2012-03-14
3039	shop00060	2012-03-14
3040	shop00099	2012-03-14
3041	shop00071	2012-03-14
3042	shop00080	2012-03-14
3043	shop00042	2012-03-14
3044	shop00008	2012-03-14
3045	shop00035	2012-03-14
3046	shop00091	2012-03-14
3047	shop00029	2012-03-14
3048	shop00003	2012-03-14
3049	shop00006	2012-03-14
3050	shop00002	2012-03-14
3051	shop00038	2012-03-14
3052	shop00100	2012-03-14
3053	shop00030	2012-03-14
3054	shop00014	2012-03-14
3055	shop00053	2012-03-14
3056	shop00015	2012-03-14
3057	shop00024	2012-03-14
3058	shop00011	2012-03-14
3059	shop00072	2012-03-14
3060	shop00018	2012-03-14
3061	shop00022	2012-03-14
3062	shop00040	2012-03-14
3063	shop00079	2012-03-14
3064	shop00034	2012-03-14
3065	shop00048	2012-03-14
3066	shop00031	2012-03-14
3067	shop00009	2012-03-14
3068	shop00066	2012-03-14
3069	shop00016	2012-03-14
3070	shop00028	2012-03-14
3071	shop00093	2012-03-14
3072	shop00051	2012-03-14
3073	shop00059	2012-03-14
3074	shop00005	2012-03-14
3075	shop00023	2012-03-14
3076	shop00041	2012-03-14
3077	shop00074	2012-03-14
3078	shop00044	2012-03-14
3079	shop00012	2012-03-14
3080	shop00094	2012-03-14
3081	shop00064	2012-03-15
3082	shop00008	2012-03-15
3083	shop00059	2012-03-15
3084	shop00037	2012-03-15
3085	shop00099	2012-03-15
3086	shop00084	2012-03-15
3087	shop00054	2012-03-15
3088	shop00061	2012-03-15
3089	shop00060	2012-03-15
3090	shop00082	2012-03-15
3091	shop00053	2012-03-15
3092	shop00088	2012-03-15
3093	shop00096	2012-03-15
3094	shop00019	2012-03-15
3095	shop00076	2012-03-15
3096	shop00097	2012-03-15
3097	shop00063	2012-03-15
3098	shop00074	2012-03-15
3099	shop00007	2012-03-15
3100	shop00005	2012-03-15
3101	shop00018	2012-03-15
3102	shop00025	2012-03-15
3103	shop00047	2012-03-15
3104	shop00022	2012-03-15
3105	shop00056	2012-03-15
3106	shop00080	2012-03-15
3107	shop00051	2012-03-15
3108	shop00049	2012-03-15
3109	shop00010	2012-03-15
3110	shop00038	2012-03-15
3111	shop00077	2012-03-15
3112	shop00089	2012-03-16
3113	shop00018	2012-03-16
3114	shop00021	2012-03-16
3115	shop00016	2012-03-16
3116	shop00077	2012-03-16
3117	shop00032	2012-03-16
3118	shop00039	2012-03-16
3119	shop00028	2012-03-16
3120	shop00083	2012-03-16
3121	shop00007	2012-03-16
3122	shop00073	2012-03-16
3123	shop00059	2012-03-16
3124	shop00009	2012-03-16
3125	shop00034	2012-03-17
3126	shop00052	2012-03-17
3127	shop00092	2012-03-17
3128	shop00050	2012-03-17
3129	shop00087	2012-03-17
3130	shop00065	2012-03-17
3131	shop00039	2012-03-17
3132	shop00086	2012-03-17
3133	shop00091	2012-03-17
3134	shop00011	2012-03-17
3135	shop00027	2012-03-17
3136	shop00071	2012-03-17
3137	shop00069	2012-03-17
3138	shop00031	2012-03-17
3139	shop00066	2012-03-17
3140	shop00046	2012-03-17
3141	shop00002	2012-03-17
3142	shop00018	2012-03-17
3143	shop00100	2012-03-17
3144	shop00003	2012-03-17
3145	shop00084	2012-03-17
3146	shop00090	2012-03-17
3147	shop00010	2012-03-17
3148	shop00047	2012-03-17
3149	shop00074	2012-03-17
3150	shop00096	2012-03-17
3151	shop00085	2012-03-17
3152	shop00025	2012-03-17
3153	shop00068	2012-03-17
3154	shop00076	2012-03-17
3155	shop00040	2012-03-17
3156	shop00059	2012-03-17
3157	shop00044	2012-03-17
3158	shop00064	2012-03-17
3159	shop00099	2012-03-17
3160	shop00013	2012-03-17
3161	shop00055	2012-03-17
3162	shop00022	2012-03-17
3163	shop00032	2012-03-17
3164	shop00030	2012-03-17
3165	shop00045	2012-03-17
3166	shop00038	2012-03-17
3167	shop00094	2012-03-17
3168	shop00001	2012-03-17
3169	shop00029	2012-03-17
3170	shop00067	2012-03-17
3171	shop00014	2012-03-17
3172	shop00024	2012-03-17
3173	shop00009	2012-03-17
3174	shop00028	2012-03-17
3175	shop00012	2012-03-17
3176	shop00060	2012-03-17
3177	shop00015	2012-03-17
3178	shop00017	2012-03-17
3179	shop00078	2012-03-17
3180	shop00079	2012-03-17
3181	shop00049	2012-03-17
3182	shop00019	2012-03-17
3183	shop00097	2012-03-17
3184	shop00020	2012-03-17
3185	shop00006	2012-03-17
3186	shop00093	2012-03-17
3187	shop00080	2012-03-17
3188	shop00082	2012-03-17
3189	shop00062	2012-03-17
3190	shop00054	2012-03-17
3191	shop00063	2012-03-17
3192	shop00023	2012-03-17
3193	shop00088	2012-03-17
3194	shop00081	2012-03-17
3195	shop00021	2012-03-17
3196	shop00095	2012-03-17
3197	shop00008	2012-03-17
3198	shop00030	2012-03-18
3199	shop00032	2012-03-18
3200	shop00026	2012-03-18
3201	shop00019	2012-03-18
3202	shop00075	2012-03-18
3203	shop00039	2012-03-18
3204	shop00060	2012-03-18
3205	shop00021	2012-03-18
3206	shop00029	2012-03-18
3207	shop00086	2012-03-18
3208	shop00006	2012-03-18
3209	shop00043	2012-03-18
3210	shop00091	2012-03-18
3211	shop00081	2012-03-18
3212	shop00074	2012-03-18
3213	shop00037	2012-03-18
3214	shop00072	2012-03-18
3215	shop00099	2012-03-18
3216	shop00034	2012-03-18
3217	shop00044	2012-03-18
3218	shop00057	2012-03-18
3219	shop00054	2012-03-18
3220	shop00040	2012-03-19
3221	shop00019	2012-03-19
3222	shop00056	2012-03-19
3223	shop00020	2012-03-19
3224	shop00089	2012-03-19
3225	shop00057	2012-03-19
3226	shop00051	2012-03-19
3227	shop00066	2012-03-19
3228	shop00042	2012-03-19
3229	shop00005	2012-03-19
3230	shop00011	2012-03-19
3231	shop00084	2012-03-19
3232	shop00002	2012-03-19
3233	shop00095	2012-03-19
3234	shop00085	2012-03-19
3235	shop00043	2012-03-19
3236	shop00069	2012-03-19
3237	shop00091	2012-03-19
3238	shop00044	2012-03-19
3239	shop00039	2012-03-19
3240	shop00063	2012-03-19
3241	shop00049	2012-03-19
3242	shop00080	2012-03-19
3243	shop00045	2012-03-19
3244	shop00062	2012-03-19
3245	shop00008	2012-03-19
3246	shop00014	2012-03-19
3247	shop00046	2012-03-19
3248	shop00100	2012-03-19
3249	shop00012	2012-03-19
3250	shop00070	2012-03-19
3251	shop00098	2012-03-19
3252	shop00048	2012-03-19
3253	shop00068	2012-03-19
3254	shop00073	2012-03-19
3255	shop00009	2012-03-19
3256	shop00041	2012-03-19
3257	shop00004	2012-03-19
3258	shop00081	2012-03-19
3259	shop00027	2012-03-19
3260	shop00050	2012-03-19
3261	shop00099	2012-03-19
3262	shop00010	2012-03-19
3263	shop00026	2012-03-19
3264	shop00094	2012-03-19
3265	shop00001	2012-03-19
3266	shop00034	2012-03-19
3267	shop00086	2012-03-19
3268	shop00021	2012-03-19
3269	shop00074	2012-03-19
3270	shop00029	2012-03-19
3271	shop00028	2012-03-19
3272	shop00024	2012-03-19
3273	shop00059	2012-03-19
3274	shop00035	2012-03-19
3275	shop00055	2012-03-19
3276	shop00093	2012-03-19
3277	shop00052	2012-03-19
3278	shop00087	2012-03-19
3279	shop00097	2012-03-19
3280	shop00023	2012-03-19
3281	shop00075	2012-03-19
3282	shop00003	2012-03-19
3283	shop00032	2012-03-19
3284	shop00078	2012-03-19
3285	shop00037	2012-03-19
3286	shop00016	2012-03-19
3287	shop00043	2012-03-20
3288	shop00019	2012-03-20
3289	shop00066	2012-03-20
3290	shop00006	2012-03-20
3291	shop00067	2012-03-20
3292	shop00061	2012-03-20
3293	shop00022	2012-03-20
3294	shop00039	2012-03-20
3295	shop00093	2012-03-20
3296	shop00026	2012-03-20
3297	shop00008	2012-03-20
3298	shop00017	2012-03-20
3299	shop00038	2012-03-20
3300	shop00003	2012-03-20
3301	shop00051	2012-03-20
3302	shop00074	2012-03-20
3303	shop00069	2012-03-20
3304	shop00024	2012-03-20
3305	shop00009	2012-03-20
3306	shop00091	2012-03-20
3307	shop00100	2012-03-20
3308	shop00030	2012-03-20
3309	shop00001	2012-03-20
3310	shop00077	2012-03-20
3311	shop00050	2012-03-20
3312	shop00036	2012-03-20
3313	shop00053	2012-03-20
3314	shop00033	2012-03-20
3315	shop00027	2012-03-20
3316	shop00045	2012-03-20
3317	shop00047	2012-03-20
3318	shop00099	2012-03-20
3319	shop00034	2012-03-20
3320	shop00037	2012-03-20
3321	shop00097	2012-03-20
3322	shop00023	2012-03-20
3323	shop00078	2012-03-20
3324	shop00056	2012-03-20
3325	shop00049	2012-03-20
3326	shop00064	2012-03-20
3327	shop00083	2012-03-20
3328	shop00080	2012-03-20
3329	shop00065	2012-03-20
3330	shop00063	2012-03-20
3331	shop00086	2012-03-20
3332	shop00079	2012-03-20
3333	shop00054	2012-03-20
3334	shop00029	2012-03-20
3335	shop00076	2012-03-20
3336	shop00012	2012-03-20
3337	shop00004	2012-03-20
3338	shop00046	2012-03-20
3339	shop00090	2012-03-20
3340	shop00070	2012-03-20
3341	shop00021	2012-03-20
3342	shop00082	2012-03-20
3343	shop00055	2012-03-20
3344	shop00032	2012-03-20
3345	shop00081	2012-03-20
3346	shop00072	2012-03-20
3347	shop00007	2012-03-20
3348	shop00005	2012-03-20
3349	shop00073	2012-03-20
3350	shop00092	2012-03-20
3351	shop00011	2012-03-20
3352	shop00015	2012-03-20
3353	shop00087	2012-03-20
3354	shop00047	2012-03-21
3355	shop00042	2012-03-21
3356	shop00069	2012-03-21
3357	shop00091	2012-03-21
3358	shop00073	2012-03-21
3359	shop00078	2012-03-21
3360	shop00080	2012-03-21
3361	shop00057	2012-03-21
3362	shop00018	2012-03-21
3363	shop00098	2012-03-21
3364	shop00005	2012-03-21
3365	shop00031	2012-03-21
3366	shop00079	2012-03-21
3367	shop00007	2012-03-21
3368	shop00048	2012-03-21
3369	shop00049	2012-03-21
3370	shop00097	2012-03-21
3371	shop00013	2012-03-21
3372	shop00060	2012-03-21
3373	shop00056	2012-03-21
3374	shop00022	2012-03-21
3375	shop00072	2012-03-21
3376	shop00009	2012-03-21
3377	shop00035	2012-03-21
3378	shop00059	2012-03-21
3379	shop00039	2012-03-21
3380	shop00055	2012-03-21
3381	shop00074	2012-03-21
3382	shop00033	2012-03-21
3383	shop00001	2012-03-21
3384	shop00088	2012-03-21
3385	shop00084	2012-03-21
3386	shop00025	2012-03-21
3387	shop00083	2012-03-21
3388	shop00053	2012-03-21
3389	shop00066	2012-03-22
3390	shop00047	2012-03-22
3391	shop00088	2012-03-22
3392	shop00051	2012-03-22
3393	shop00022	2012-03-22
3394	shop00009	2012-03-22
3395	shop00002	2012-03-22
3396	shop00012	2012-03-22
3397	shop00013	2012-03-22
3398	shop00007	2012-03-22
3399	shop00026	2012-03-22
3400	shop00041	2012-03-22
3401	shop00004	2012-03-22
3402	shop00053	2012-03-22
3403	shop00092	2012-03-22
3404	shop00035	2012-03-22
3405	shop00027	2012-03-22
3406	shop00082	2012-03-22
3407	shop00090	2012-03-22
3408	shop00055	2012-03-22
3409	shop00011	2012-03-22
3410	shop00087	2012-03-22
3411	shop00033	2012-03-22
3412	shop00031	2012-03-22
3413	shop00077	2012-03-23
3414	shop00021	2012-03-23
3415	shop00017	2012-03-23
3416	shop00093	2012-03-23
3417	shop00098	2012-03-23
3418	shop00039	2012-03-23
3419	shop00049	2012-03-23
3420	shop00042	2012-03-23
3421	shop00065	2012-03-23
3422	shop00006	2012-03-23
3423	shop00037	2012-03-23
3424	shop00099	2012-03-23
3425	shop00097	2012-03-23
3426	shop00010	2012-03-23
3427	shop00059	2012-03-23
3428	shop00100	2012-03-23
3429	shop00086	2012-03-23
3430	shop00053	2012-03-23
3431	shop00007	2012-03-23
3432	shop00070	2012-03-23
3433	shop00018	2012-03-23
3434	shop00052	2012-03-23
3435	shop00078	2012-03-23
3436	shop00061	2012-03-24
3437	shop00031	2012-03-24
3438	shop00016	2012-03-24
3439	shop00098	2012-03-24
3440	shop00094	2012-03-24
3441	shop00034	2012-03-24
3442	shop00052	2012-03-24
3443	shop00040	2012-03-24
3444	shop00006	2012-03-24
3445	shop00042	2012-03-24
3446	shop00010	2012-03-24
3447	shop00083	2012-03-24
3448	shop00055	2012-03-24
3449	shop00032	2012-03-24
3450	shop00009	2012-03-24
3451	shop00019	2012-03-24
3452	shop00020	2012-03-24
3453	shop00033	2012-03-24
3454	shop00100	2012-03-24
3455	shop00038	2012-03-24
3456	shop00077	2012-03-24
3457	shop00071	2012-03-24
3458	shop00007	2012-03-24
3459	shop00093	2012-03-24
3460	shop00073	2012-03-24
3461	shop00002	2012-03-24
3462	shop00063	2012-03-24
3463	shop00022	2012-03-24
3464	shop00060	2012-03-24
3465	shop00058	2012-03-24
3466	shop00044	2012-03-24
3467	shop00026	2012-03-24
3468	shop00027	2012-03-24
3469	shop00091	2012-03-24
3470	shop00072	2012-03-24
3471	shop00049	2012-03-24
3472	shop00085	2012-03-24
3473	shop00047	2012-03-24
3474	shop00069	2012-03-24
3475	shop00005	2012-03-24
3476	shop00039	2012-03-24
3477	shop00035	2012-03-24
3478	shop00079	2012-03-24
3479	shop00076	2012-03-24
3480	shop00017	2012-03-24
3481	shop00065	2012-03-24
3482	shop00080	2012-03-24
3483	shop00053	2012-03-24
3484	shop00074	2012-03-24
3485	shop00092	2012-03-24
3486	shop00008	2012-03-24
3487	shop00029	2012-03-24
3488	shop00081	2012-03-24
3489	shop00075	2012-03-24
3490	shop00014	2012-03-24
3491	shop00011	2012-03-24
3492	shop00001	2012-03-24
3493	shop00062	2012-03-24
3494	shop00059	2012-03-24
3495	shop00034	2012-03-25
3496	shop00088	2012-03-25
3497	shop00003	2012-03-25
3498	shop00037	2012-03-25
3499	shop00013	2012-03-26
3500	shop00021	2012-03-26
3501	shop00049	2012-03-26
3502	shop00010	2012-03-26
3503	shop00037	2012-03-26
3504	shop00038	2012-03-26
3505	shop00077	2012-03-26
3506	shop00062	2012-03-26
3507	shop00044	2012-03-26
3508	shop00075	2012-03-26
3509	shop00014	2012-03-26
3510	shop00053	2012-03-26
3511	shop00048	2012-03-26
3512	shop00092	2012-03-26
3513	shop00045	2012-03-26
3514	shop00032	2012-03-26
3515	shop00033	2012-03-26
3516	shop00016	2012-03-26
3517	shop00047	2012-03-26
3518	shop00064	2012-03-26
3519	shop00071	2012-03-26
3520	shop00082	2012-03-26
3521	shop00059	2012-03-26
3522	shop00057	2012-03-26
3523	shop00090	2012-03-26
3524	shop00079	2012-03-26
3525	shop00035	2012-03-26
3526	shop00067	2012-03-26
3527	shop00019	2012-03-26
3528	shop00060	2012-03-26
3529	shop00100	2012-03-26
3530	shop00025	2012-03-26
3531	shop00056	2012-03-26
3532	shop00018	2012-03-26
3533	shop00088	2012-03-26
3534	shop00068	2012-03-26
3535	shop00043	2012-03-26
3536	shop00094	2012-03-26
3537	shop00093	2012-03-26
3538	shop00027	2012-03-26
3539	shop00091	2012-03-26
3540	shop00063	2012-03-26
3541	shop00095	2012-03-26
3542	shop00007	2012-03-26
3543	shop00092	2012-03-27
3544	shop00004	2012-03-27
3545	shop00100	2012-03-27
3546	shop00059	2012-03-27
3547	shop00022	2012-03-27
3548	shop00026	2012-03-27
3549	shop00002	2012-03-27
3550	shop00077	2012-03-28
3551	shop00096	2012-03-28
3552	shop00040	2012-03-28
3553	shop00032	2012-03-28
3554	shop00018	2012-03-28
3555	shop00078	2012-03-28
3556	shop00061	2012-03-28
3557	shop00072	2012-03-28
3558	shop00084	2012-03-28
3559	shop00027	2012-03-28
3560	shop00014	2012-03-28
3561	shop00029	2012-03-28
3562	shop00060	2012-03-28
3563	shop00015	2012-03-28
3564	shop00011	2012-03-28
3565	shop00074	2012-03-28
3566	shop00097	2012-03-28
3567	shop00062	2012-03-28
3568	shop00006	2012-03-28
3569	shop00051	2012-03-28
3570	shop00059	2012-03-28
3571	shop00089	2012-03-28
3572	shop00037	2012-03-28
3573	shop00080	2012-03-28
3574	shop00020	2012-03-28
3575	shop00054	2012-03-28
3576	shop00071	2012-03-28
3577	shop00086	2012-03-28
3578	shop00067	2012-03-28
3579	shop00023	2012-03-28
3580	shop00079	2012-03-28
3581	shop00045	2012-03-28
3582	shop00031	2012-03-28
3583	shop00044	2012-03-28
3584	shop00022	2012-03-28
3585	shop00095	2012-03-28
3586	shop00064	2012-03-28
3587	shop00049	2012-03-28
3588	shop00009	2012-03-28
3589	shop00046	2012-03-28
3590	shop00088	2012-03-28
3591	shop00076	2012-03-29
3592	shop00033	2012-03-29
3593	shop00039	2012-03-29
3594	shop00013	2012-03-29
3595	shop00051	2012-03-29
3596	shop00036	2012-03-29
3597	shop00049	2012-03-29
3598	shop00015	2012-03-29
3599	shop00096	2012-03-29
3600	shop00084	2012-03-29
3601	shop00073	2012-03-29
3602	shop00043	2012-03-29
3603	shop00017	2012-03-29
3604	shop00026	2012-03-29
3605	shop00020	2012-03-29
3606	shop00081	2012-03-29
3607	shop00095	2012-03-29
3608	shop00052	2012-03-29
3609	shop00056	2012-03-29
3610	shop00070	2012-03-29
3611	shop00093	2012-03-29
3612	shop00040	2012-03-29
3613	shop00098	2012-03-29
3614	shop00088	2012-03-29
3615	shop00016	2012-03-29
3616	shop00062	2012-03-29
3617	shop00025	2012-03-29
3618	shop00014	2012-03-29
3619	shop00009	2012-03-29
3620	shop00058	2012-03-29
3621	shop00032	2012-03-29
3622	shop00003	2012-03-29
3623	shop00041	2012-03-29
3624	shop00085	2012-03-29
3625	shop00008	2012-03-29
3626	shop00045	2012-03-29
3627	shop00030	2012-03-29
3628	shop00060	2012-03-29
3629	shop00063	2012-03-29
3630	shop00067	2012-03-29
3631	shop00007	2012-03-29
3632	shop00010	2012-03-29
3633	shop00090	2012-03-29
3634	shop00012	2012-03-29
3635	shop00091	2012-03-29
3636	shop00099	2012-03-29
3637	shop00044	2012-03-29
3638	shop00050	2012-03-29
3639	shop00048	2012-03-29
3640	shop00055	2012-03-29
3641	shop00066	2012-03-29
3642	shop00092	2012-03-29
3643	shop00018	2012-03-29
3644	shop00046	2012-03-29
3645	shop00078	2012-03-29
3646	shop00083	2012-03-29
3647	shop00005	2012-03-29
3648	shop00028	2012-03-29
3649	shop00004	2012-03-29
3650	shop00001	2012-03-29
3651	shop00068	2012-03-29
3652	shop00019	2012-03-29
3653	shop00037	2012-03-29
3654	shop00079	2012-03-29
3655	shop00022	2012-03-29
3656	shop00023	2012-03-30
3657	shop00091	2012-03-30
3658	shop00052	2012-03-30
3659	shop00085	2012-03-30
3660	shop00073	2012-03-30
3661	shop00011	2012-03-30
3662	shop00022	2012-03-31
3663	shop00067	2012-03-31
3664	shop00023	2012-03-31
3665	shop00052	2012-03-31
3666	shop00056	2012-03-31
3667	shop00094	2012-03-31
3668	shop00028	2012-03-31
3669	shop00054	2012-03-31
3670	shop00026	2012-03-31
3671	shop00045	2012-03-31
3672	shop00089	2012-03-31
3673	shop00090	2012-03-31
3674	shop00011	2012-03-31
3675	shop00057	2012-03-31
3676	shop00058	2012-03-31
3677	shop00062	2012-03-31
3678	shop00097	2012-03-31
3679	shop00033	2012-03-31
3680	shop00081	2012-03-31
3681	shop00017	2012-03-31
3682	shop00082	2012-03-31
3683	shop00008	2012-03-31
3684	shop00075	2012-03-31
3685	shop00012	2012-03-31
3686	shop00068	2012-03-31
3687	shop00032	2012-03-31
3688	shop00086	2012-03-31
3689	shop00072	2012-03-31
3690	shop00088	2012-03-31
3691	shop00027	2012-03-31
3692	shop00002	2012-03-31
3693	shop00070	2012-03-31
3694	shop00092	2012-03-31
3695	shop00078	2012-03-31
3696	shop00066	2012-03-31
3697	shop00084	2012-03-31
3698	shop00042	2012-03-31
3699	shop00009	2012-03-31
3700	shop00010	2012-03-31
3701	shop00029	2012-03-31
3702	shop00060	2012-03-31
3703	shop00064	2012-03-31
3704	shop00085	2012-03-31
3705	shop00036	2012-03-31
3706	shop00061	2012-03-31
3707	shop00043	2012-03-31
3708	shop00080	2012-03-31
3709	shop00039	2012-03-31
3710	shop00038	2012-03-31
3711	shop00031	2012-03-31
3712	shop00079	2012-03-31
3713	shop00021	2012-03-31
3714	shop00037	2012-03-31
3715	shop00050	2012-03-31
3716	shop00077	2012-03-31
3717	shop00015	2012-03-31
3718	shop00020	2012-03-31
3719	shop00051	2012-03-31
3720	shop00041	2012-03-31
3721	shop00073	2012-03-31
3722	shop00014	2012-03-31
3723	shop00063	2012-03-31
3724	shop00093	2012-03-31
3725	shop00055	2012-03-31
3726	shop00049	2012-03-31
